Condition,Reaction,0,1,2,3,4,5,6,7,8,9,10,11,12,13,14,15
GLC_wt,PFK,0.0,0.9559920480168838,1.8370402386387958,2.6092504630320716,3.3814606874253563,4.105181854342946,4.780611126794093,5.456039588540233,6.214559455502501,7.124050590252774,8.033541724618132,8.943032860779466,9.96260407655111,11.41813014775498,12.873646634543555,14.276724599403966
GLC_wt,PFL,0.0,0.0,0.0,0.0,0.0,0.0,1.5314022012303346e-06,1.5194384485657637e-06,1.3918972186802616,5.312746359998947,9.23359549247541,13.154444638268556,16.745385972447167,19.030059206476515,21.314714339291314,23.520921818820185
GLC_wt,PGI,0.0,0.9909303004357708,1.8696815044880088,2.4200714748170276,2.9704614451460687,3.3095648758479714,3.438241146901791,3.566913617732318,3.9316908481001973,4.7254571283841695,5.51922340779107,6.312989689631703,7.434043657459573,9.851258126490368,12.268445928066308,14.536026514672255
GLC_wt,PGK,0.0,-1.8823903299922409,-3.6224017845105707,-5.2546811079872215,-6.8869604314638835,-8.5101508987077,-10.124289292222542,-11.738427713438528,-13.443540937141304,-15.313947034084823,-17.184353130477202,-19.05475922962239,-21.037011933731463,-23.462227489407375,-25.887431305029992,-28.255582294663782
GLC_wt,PGL,0.0,0.0,0.10386929913288197,0.5362361004509492,0.9686029017689939,1.6171114009582168,2.4808825486016657,3.3446574971431424,3.973299055564118,4.17471645359802,4.37613385248851,4.577551248865529,4.451898907329212,3.030949107844051,1.6100259747046226,0.3381414509013573
GLC_wt,ACALD,0.0,0.0,0.0,0.0,0.0,0.0,-1.48893975232277e-06,-8.932877577561005e-07,0.0,0.0,0.0,0.0,-1.6717278660648033e-05,0.0,0.0,0.0
GLC_wt,AKGt2r,0.0,0.0,0.0,0.0,0.0,0.0,-2.0455455958398298e-07,-2.0146900025541737e-07,0.0,0.0,0.0,0.0,-5.312411965810867e-07,0.0,0.0,0.0
GLC_wt,PGM,0.0,-1.8162036443918166,-3.429387161178145,-4.93583297433304,-6.442278787487949,-7.975066557742126,-9.534089528677038,-11.093112532237013,-12.750198965833086,-14.585457661623138,-16.42071635671258,-18.2559750545508,-20.204670551970516,-22.602627599477092,-25.000572605251026,-27.337315350752196
GLC_wt,PIt2r,0.0,0.16275465261966104,0.4746276035092709,0.7840552334716946,1.0934828634324547,1.315785270795944,1.4513165158831716,1.5868464934143567,1.7049445921472026,1.7913728973766518,1.8778012029736628,1.9642295080172474,2.0467479668383217,2.1137768148979568,2.180806884276444,2.2580405124119105
GLC_wt,ALCD2x,0.0,-0.0,-0.0,-0.0,-0.0,-0.0,-8.976873567757528e-07,-8.932877577561005e-07,-0.0,-0.0,-0.0,-0.0,-1.6717278660648033e-05,-0.0,-0.0,-0.0
GLC_wt,ACALDt,0.0,0.0,0.0,0.0,0.0,0.0,-5.912523955470172e-07,0.0,0.0,0.0,0.0,0.0,0.0,0.0,0.0,0.0
GLC_wt,ACKr,0.0,0.0,0.0,0.0,0.0,-1.1262759257536088,-3.37425393221291,-5.622244562445973,-7.631611131927854,-9.207394608587492,-10.783178083443019,-12.358961561015596,-14.059898058159106,-16.256642904043915,-18.453350110532533,-20.558221913620944
GLC_wt,PPC,0.0,0.1267811271768537,0.3697210592389033,0.6107561576199272,0.8517912560009626,1.024958347239938,1.1305340112165945,1.2361079599767202,1.3281021076075068,1.3954272364479952,1.462752365574804,1.5300774953996539,1.5943599685559926,1.6465704843477407,1.6987849532664483,1.758947696840269
GLC_wt,ACONTa,0.0,1.3753144879654096,2.1436594700721128,2.811890924664587,3.480122379257076,3.2844350283626955,2.2283361780061064,1.1722291063360883,0.5000311850564416,0.5253791336556889,0.5507270823627359,0.5760750310728397,0.6002805532323777,0.6199347067150954,0.6395934834167962,0.6622447899640447
GLC_wt,ACONTb,0.0,1.3753144879654096,2.1436594700721128,2.811890924664587,3.480122379257076,3.2844350283626955,2.2283361780061064,1.1722291063360883,0.5000311850564416,0.5253791336556889,0.5507270823627359,0.5760750310728397,0.6002805532323777,0.6199347067150954,0.6395934834167962,0.6622447899640447
GLC_wt,ATPM,0.0,8.39,8.39,8.39,8.39,8.39,8.390000168713964,8.390000167222823,8.39,8.39,8.39,8.39,8.39,8.39,8.39,8.39
GLC_wt,PPCK,0.0,0.0,0.0,0.0,0.0,0.0,1.687158902328769e-07,1.6722293175084508e-07,0.0,0.0,0.0,0.0,3.8696599395462863e-07,0.0,0.0,0.0
GLC_wt,ACt2r,0.0,-0.0,-0.0,-0.0,-0.0,-1.1262759257536088,-3.37425393221291,-5.622244562445973,-7.631611131927854,-9.207394608587492,-10.783178083443019,-12.358961561015596,-14.059898058159106,-16.256642904043915,-18.453350110532533,-20.558221913620944
GLC_wt,PPS,0.0,0.0,0.0,0.0,0.0,0.0,1.6871672129181953e-07,0.0,0.0,0.0,0.0,0.0,0.0,0.0,0.0,0.0
GLC_wt,ADK1,0.0,0.0,0.0,0.0,0.0,0.0,1.6871672129181953e-07,0.0,0.0,0.0,0.0,0.0,0.0,0.0,0.0,0.0
GLC_wt,AKGDH,0.0,1.3275813227954256,2.0044592848359133,2.581940890306635,3.1594224957773727,2.8985376383441412,1.8026887652403,0.7068330607250349,-0.0,-0.0,-0.0,-0.0,1.9772226318571176e-06,-0.0,-0.0,-0.0
GLC_wt,ATPS4r,0.0,8.127017069033357,11.357192446811409,14.750219032926083,18.14324561904018,19.679880424705807,19.36765304002461,19.05541534679693,18.186177281759996,16.30493984106615,14.423702409382992,12.542464941211902,10.353416753522385,6.945159464822928,3.5369578840878546,0.46239975825992347
GLC_wt,PTAr,0.0,0.0,0.0,0.0,0.0,1.1262759257536088,3.37425393221291,5.622244562445973,7.631611131927854,9.207394608587492,10.783178083443019,12.358961561015596,14.059898058159106,16.256642904043915,18.453350110532533,20.558221913620944
GLC_wt,PYK,0.0,1.6664562682208583,2.9926915758885313,4.214439071940462,5.4361865679923955,6.764438236307516,8.198760925540215,9.63308523470417,11.181512755748242,12.937250456428579,14.692988156070118,16.44872586099146,18.321495033923927,20.657782848509825,22.994054797001112,25.25973639015223
GLC_wt,BIOMASS_Ecoli_core_w_GAM,0.0,0.044242436898679266,0.12902047014199597,0.21313377918060275,0.29724708821920787,0.3576766985063994,0.39451855851972256,0.43136041524165414,0.46346388456431703,0.48695813667224846,0.5104523888800964,0.5339466414769206,0.5563777327376398,0.5745988569052697,0.5928199864832665,0.6138148020799377
GLC_wt,PYRt2,0.0,0.0,0.0,0.0,0.0,0.0,0.0,0.0,0.0,0.0,0.0,0.0,0.0,0.0,0.0,0.0
GLC_wt,CO2t,0.0,-4.117240976558261,-6.50946938287229,-8.929985460079894,-11.350501537287503,-12.526337405203703,-12.462540423335627,-12.39873755953151,-11.621943177887236,-9.5497174376702,-7.477491705651614,-5.405265961285889,-3.4578241832674523,-2.0043133304034795,-0.5508345048549705,0.758561455974867
GLC_wt,RPE,0.0,-0.03180146364277066,-0.023493714516145306,0.20429017315894882,0.4320740608340293,0.8209762564190779,1.3703418419956117,1.9197098731974036,2.3157281968179144,2.4331187937586676,2.55050939119866,2.667899986474939,2.5680080612566725,1.607611080219193,0.6472316435189098,-0.21578244580082107
GLC_wt,CS,0.0,1.3753144879654096,2.1436594700721128,2.811890924664587,3.480122379257076,3.2844350283626955,2.2283361780061064,1.1722291063360883,0.5000311850564416,0.5253791336556889,0.5507270823627359,0.5760750310728397,0.6002805532323777,0.6199347067150954,0.6395934834167962,0.6622447899640447
GLC_wt,RPI,0.0,-0.03180146364277066,-0.12736301364902727,-0.33194592729200034,-0.5365288409349646,-0.7961351445391389,-1.110540706606054,-1.4249476239457388,-1.6575708587462037,-1.741597659839352,-1.8256244612898502,-1.90965126239059,-1.8838908460725392,-1.4233380276248582,-0.9627943311857128,-0.5539238967021783
GLC_wt,SUCCt2_2,0.0,0.0,0.0,0.0,0.0,0.0,0.0,-3.035665023525154e-07,0.0,0.0,0.0,0.0,-8.134840721057239e-07,0.0,0.0,0.0
GLC_wt,CYTBD,0.0,8.132184590519394,12.720617634682256,17.3671629959384,22.013708357194556,24.22565474812091,24.012877995979423,23.800086865533203,23.56416238056512,23.286236631725775,23.008310890210076,22.730385137664722,22.374551118283147,21.710098390347078,21.04566497625465,20.58453632150122
GLC_wt,D_LACt2,0.0,-0.0,-0.0,-0.0,-0.0,-0.0,-0.0,-0.0,-0.0,-0.0,-0.0,-0.0,-0.0,-0.0,-0.0,-0.0
GLC_wt,ENO,0.0,1.8162036443918166,3.429387161178145,4.93583297433304,6.442278787487949,7.975066557742126,9.534089528677038,11.093112532237013,12.750198965833086,14.585457661623138,16.42071635671258,18.2559750545508,20.204670551970516,22.602627599477092,25.000572605251026,27.337315350752196
GLC_wt,SUCCt3,0.0,0.0,0.0,0.0,0.0,0.0,1.299851819756756e-07,1.2854736378061952e-07,0.0,0.0,0.0,0.0,3.157119530829576e-07,0.0,0.0,0.0
GLC_wt,ETOHt2r,0.0,0.0,0.0,0.0,0.0,0.0,-6.11485682475902e-07,-6.071585595695424e-07,0.0,0.0,0.0,-7.531752999057062e-13,-1.5320629930037707e-05,0.0,0.0,0.0
GLC_wt,SUCDi,0.0,1.3275813227954254,2.0044592848359137,2.581940890306635,3.1594224957773727,2.8985376383441412,1.8026886239370834,0.7068329250204599,0.0,0.0,0.0,0.0,9.697771738219867e-07,0.0,0.0,0.0
GLC_wt,SUCOAS,0.0,-1.3275813227954256,-2.0044592848359133,-2.581940890306635,-3.1594224957773727,-2.8985376383441412,-1.8026887652403,-0.7068330607250349,0.0,0.0,0.0,0.0,-1.9772226318571176e-06,0.0,0.0,0.0
GLC_wt,TALA,0.0,-0.007914971961173722,0.011541337602557485,0.14061573372157327,0.26969012984058166,0.47504877228994413,0.756381396622899,1.0377153791833058,1.2415193295728162,1.3044553405486745,1.3673913517921876,1.4303273623367583,1.3844303053841005,0.9075206337809976,0.43061982931968446,0.0029023488750182513
GLC_wt,THD2,0.0,0.0,0.0,0.0,0.0,0.0,6.748625193897141e-07,6.688786870950709e-07,0.0,0.0,0.0,0.0,0.6359073316681928,3.7902312446953497,6.94449882083149,9.848247076140105
GLC_wt,TKT1,0.0,-0.007914971961173722,0.011541337602557485,0.14061573372157327,0.26969012984058166,0.47504877228994413,0.756381396622899,1.0377153791833058,1.2415193295728162,1.3044553405486745,1.3673913517921876,1.4303273623367583,1.3844303053841005,0.9075206337809976,0.43061982931968446,0.0029023488750182513
GLC_wt,TKT2,0.0,-0.023886491681596934,-0.03503505211870306,0.06367443943737569,0.16238393099344764,0.34592748412913393,0.6139601969972792,0.8819942692810687,1.0742088672450978,1.1286634532099928,1.1831180394064729,1.2375726247635899,1.1835775058688722,0.7000904464381952,0.2166118141992253,-0.21868479467583923
GLC_wt,TPI,0.0,0.9559920480168838,1.8370402386387958,2.6092504630320716,3.3814606874253563,4.105181854342946,4.780611126794093,5.456039588540233,6.214559455502501,7.124050590252774,8.033541724618132,8.943032860779596,9.96260368958437,11.41813014775498,12.873646634543555,14.276724599403966
GLC_wt,EX_ac_e,0.0,0.0,0.0,0.0,0.0,1.1262759257536088,3.37425393221291,5.622244562445973,7.631611131927854,9.207394608587492,10.783178083443019,12.358961561015596,14.059898058159106,16.256642904043915,18.453350110532533,20.558221913620944
GLC_wt,EX_acald_e,0.0,0.0,0.0,0.0,0.0,0.0,5.912523955470172e-07,0.0,0.0,0.0,0.0,0.0,0.0,0.0,0.0,0.0
GLC_wt,EX_akg_e,0.0,0.0,0.0,0.0,0.0,0.0,4.2594059003232583e-07,4.235528514219895e-07,0.0,0.0,0.0,0.0,1.3073570709292975e-06,0.0,0.0,0.0
GLC_wt,EX_co2_e,0.0,4.117240976558261,6.50946938287229,8.929985460079894,11.350501537287503,12.526337405203703,12.462540423335627,12.39873755953151,11.621943177887236,9.5497174376702,7.477491705651614,5.405265961285889,3.4578241832674523,2.0043133304034795,0.5508345048549705,-0.758561455974867
GLC_wt,EX_etoh_e,0.0,0.0,0.0,0.0,0.0,0.0,8.976873567757528e-07,8.932877577561005e-07,0.0,0.0,0.0,0.0,1.6717278660648033e-05,0.0,0.0,0.0
GLC_wt,EX_for_e,0.0,0.0,0.0,0.0,0.0,0.0,1.5314022012303346e-06,1.5194384485657637e-06,1.3918972186802616,5.312746359998947,9.23359549247541,13.154444638268556,16.745385972447167,19.030059206476515,21.314714339291314,23.520921818820185
GLC_wt,EX_fru_e,0.0,0.0,0.0,0.0,0.0,0.0,0.0,0.0,0.0,0.0,0.0,0.0,0.0,0.0,0.0,0.0
GLC_wt,EX_fum_e,0.0,0.0,0.0,0.0,0.0,0.0,0.0,0.0,0.0,0.0,0.0,0.0,0.0,0.0,0.0,0.0
GLC_wt,EX_glc__D_e,0.0,-1.0,-2.0,-3.0,-4.0,-5.0,-6.0,-7.0,-8.0,-9.0,-10.0,-11.0,-12.0,-13.0,-14.0,-15.0
GLC_wt,EX_gln__L_e,0.0,0.0,0.0,0.0,0.0,0.0,0.0,0.0,0.0,0.0,0.0,0.0,0.0,0.0,0.0,0.0
GLC_wt,EX_glu__L_e,0.0,0.0,0.0,0.0,0.0,0.0,0.0,0.0,0.0,0.0,0.0,0.0,0.0,0.0,0.0,0.0
GLC_wt,EX_h_e,0.0,4.273792217757916,12.46329813358015,20.588592099694683,28.71388606580923,35.67762521175162,41.48450971748547,47.2914008593048,53.79383480434736,61.559997738905444,69.32616067246906,77.0923236992018,84.55103984183584,90.79259860076645,97.03411086055316,103.37327642864814
GLC_wt,EX_h2o_e,0.0,4.439520583902998,7.449306095574187,10.482537161143082,13.5157682267115,15.131797547803707,15.336375064294955,15.540942565191997,14.997999498607541,13.096915288445523,11.195831087209779,9.294746821774611,7.510693819057583,6.189921243644229,4.86917241439367,3.712711088296235
GLC_wt,EX_lac__D_e,0.0,0.0,0.0,0.0,0.0,0.0,0.0,0.0,0.0,0.0,0.0,0.0,0.0,0.0,0.0,0.0
GLC_wt,EX_mal__L_e,0.0,0.0,0.0,0.0,0.0,0.0,0.0,0.0,0.0,0.0,0.0,0.0,0.0,0.0,0.0,0.0
GLC_wt,EX_nh4_e,0.0,-0.24124515992111747,-0.7035228195902756,-1.162175871115986,-1.6208289226416965,-1.9503395016156946,-2.151230879979701,-2.352121934611255,-2.527175869752308,-2.6552853276464363,-2.783394786085389,-2.91150424454025,-3.033816412415414,-3.1331726469330543,-3.2325288222959556,-3.347009352781484
GLC_wt,EX_o2_e,0.0,-4.066092295259697,-6.360308817341128,-8.6835814979692,-11.006854178597278,-12.112827374060455,-12.006438997989711,-11.900043432766601,-11.78208119028256,-11.643118315862887,-11.504155445105038,-11.365192568832361,-11.187275559141574,-10.855049195173539,-10.522832488127325,-10.29226816075061
GLC_wt,EX_pi_e,0.0,-0.16275465261917188,-0.4746276035109016,-0.7840552334712276,-1.093482863432,-1.3157852707954893,-1.4513172077832934,-1.5868471777620767,-1.7049445921467479,-1.791372897376197,-1.877801202973208,-1.9642295080166545,-2.0467495229096064,-2.113776814897429,-2.1808068842759893,-2.2580405124114558
GLC_wt,EX_pyr_e,0.0,0.0,0.0,0.0,0.0,0.0,0.0,0.0,0.0,0.0,0.0,0.0,0.0,0.0,0.0,0.0
GLC_wt,EX_succ_e,0.0,0.0,0.0,0.0,0.0,0.0,7.393511701771448e-07,7.352398042108207e-07,0.0,0.0,0.0,0.0,2.026383340074902e-06,0.0,0.0,0.0
GLC_wt,FBA,0.0,0.9559920480168838,1.8370402386387958,2.6092504630320716,3.3814606874253563,4.105181854342946,4.780611126794093,5.456039588540233,6.214559455502501,7.124050590252774,8.033541724618132,8.943032860779596,9.96260368958437,11.41813014775498,12.873646634543555,14.276724599403966
GLC_wt,FBP,0.0,0.0,0.0,0.0,0.0,0.0,0.0,0.0,0.0,0.0,0.0,-1.2967404927621828e-13,3.8696673954063954e-07,0.0,0.0,0.0
GLC_wt,FORt2,0.0,0.0,0.0,0.0,0.0,0.0,0.0,0.0,0.0,0.0,0.0,0.0,0.0,0.0,0.0,0.0
GLC_wt,FORt,0.0,0.0,0.0,0.0,0.0,0.0,-1.5314022012303346e-06,-1.5194384485657637e-06,-1.3918972186802616,-5.312746359998947,-9.23359549247541,-13.154444638268556,-16.745385972447167,-19.030059206476515,-21.314714339291314,-23.520921818820185
GLC_wt,FRD7,0.0,0.0,0.0,0.0,0.0,0.0,0.0,0.0,0.0,0.0,0.0,0.0,0.0,0.0,0.0,0.0
GLC_wt,FRUpts2,0.0,0.0,0.0,0.0,0.0,0.0,0.0,0.0,0.0,0.0,0.0,0.0,0.0,0.0,0.0,0.0
GLC_wt,FUM,0.0,1.3275813227954254,2.0044592848359137,2.581940890306635,3.1594224957773727,2.8985376383441412,1.8026886239370834,0.7068329250204599,0.0,0.0,0.0,0.0,9.697771738219867e-07,0.0,0.0,0.0
GLC_wt,FUMt2_2,0.0,0.0,0.0,0.0,0.0,0.0,0.0,0.0,0.0,0.0,0.0,0.0,0.0,0.0,0.0,0.0
GLC_wt,G6PDH2r,0.0,0.0,0.10386929913288197,0.5362361004509492,0.9686029017689939,1.6171114009582168,2.4808825486016657,3.3446574971431424,3.973299055564118,4.17471645359802,4.37613385248851,4.577551248865529,4.451898907329212,3.030949107844051,1.6100259747046226,0.3381414509013573
GLC_wt,GAPD,0.0,1.8823903299922409,3.6224017845105707,5.2546811079872215,6.8869604314638835,8.5101508987077,10.124289292222542,11.738427713438528,13.443540937141304,15.313947034084823,17.184353130477202,19.05475922962239,21.037011933731463,23.462227489407375,25.887431305029992,28.255582294663782
GLC_wt,GLCpts,0.0,0.0,0.0,0.0,0.0,0.0,0.0,0.0,0.0,0.0,0.0,0.0,0.0,0.0,0.0,0.0
GLC_wt,GLNS,0.0,0.011312791114991469,0.0329905342153084,0.05449830733647554,0.07600608045765145,0.09145793180808631,0.10087888377900267,0.11029930129317747,0.11850771528309585,0.12451519554709392,0.13052267583664062,0.13653015612672448,0.14226690523177096,0.1469249275248785,0.15158407054377124,0.15695244489184004
GLC_wt,GLNabc,0.0,0.0,0.0,0.0,0.0,0.0,0.0,0.0,0.0,0.0,0.0,0.0,0.0,0.0,0.0,0.0
GLC_wt,GLUDy,0.0,-0.229932368806126,-0.6705322853749672,-1.1076775637795104,-1.544822842184045,-1.8588815698076082,-2.0503521759923817,-2.241822903342514,-2.408668154469212,-2.5307701320993425,-2.6528721102487487,-2.774974090419704,-2.8915501012276654,-2.986247719222377,-3.080944751752184,-3.1900569078896437
GLC_wt,GLUN,0.0,0.0,0.0,0.0,0.0,0.0,2.5758461702361155e-07,2.6836846986146503e-07,0.0,0.0,0.0,0.0,5.910505144213294e-07,0.0,0.0,0.0
GLC_wt,GLUSy,0.0,0.0,0.0,0.0,0.0,0.0,2.575822306980015e-07,2.683697237763919e-07,0.0,0.0,0.0,0.0,5.910471869135765e-07,0.0,0.0,0.0
GLC_wt,GLUt2r,0.0,0.0,0.0,0.0,0.0,0.0,0.0,0.0,0.0,0.0,0.0,0.0,0.0,0.0,0.0,0.0
GLC_wt,GND,0.0,0.0,0.10386929913288197,0.5362361004509492,0.9686029017689939,1.6171114009582168,2.4808825486016657,3.3446574971431424,3.973299055564118,4.17471645359802,4.37613385248851,4.577551248865529,4.451898907329212,3.030949107844051,1.6100259747046226,0.3381414509013573
GLC_wt,H2Ot,0.0,-4.439520583902998,-7.449306095574187,-10.482537161143082,-13.5157682267115,-15.131797547803707,-15.336375064294955,-15.540942565191997,-14.997999498607541,-13.096915288445523,-11.195831087209779,-9.294746821774611,-7.510693819057583,-6.189921243644229,-4.86917241439367,-3.712711088296235
GLC_wt,ICDHyr,0.0,1.3753144879654096,2.1436594700721128,2.811890924664587,3.480122379257076,3.2844350283626955,2.2283353426239425,1.1722282922270248,0.5000311850564416,0.5253791336556889,0.5507270823627359,0.5760750310729321,0.6002793055192156,0.6199347067150954,0.6395934834167962,0.6622447899640447
GLC_wt,ICL,0.0,0.0,0.0,0.0,0.0,0.0,6.748874276214837e-07,6.68948726689941e-07,0.0,0.0,0.0,0.0,1.0955210731318615e-06,0.0,0.0,0.0
GLC_wt,LDH_D,0.0,0.0,0.0,0.0,0.0,0.0,0.0,0.0,0.0,0.0,0.0,0.0,0.0,0.0,0.0,0.0
GLC_wt,MALS,0.0,0.0,0.0,0.0,0.0,0.0,6.748874276214837e-07,6.68948726689941e-07,0.0,0.0,0.0,0.0,1.0955210731318615e-06,0.0,0.0,0.0
GLC_wt,MALt2_2,0.0,0.0,0.0,0.0,0.0,0.0,0.0,0.0,0.0,0.0,0.0,0.0,0.0,0.0,0.0,0.0
GLC_wt,MDH,0.0,1.3275813227954254,2.0044592848359137,2.581940890306643,3.1594224957773727,2.8985376383441412,1.8026887896564006,0.7068330993253141,0.0,0.0,0.0,0.0,1.1938140274214646e-06,0.0,0.0,0.0
GLC_wt,ME1,0.0,0.0,0.0,0.0,0.0,0.0,1.6871603524382458e-07,1.672239945564048e-07,0.0,0.0,0.0,0.0,2.9223760735779103e-07,0.0,0.0,0.0
GLC_wt,ME2,0.0,0.0,0.0,0.0,0.0,0.0,2.249541261263843e-07,2.229634884724605e-07,0.0,0.0,0.0,0.0,4.6954284679057747e-07,0.0,0.0,0.0
GLC_wt,NADH16,0.0,6.8046032677239685,10.716158349846342,14.785222105631766,18.854285861417182,21.32711710977677,22.21018937204234,23.093253940512742,23.56416238056512,23.286236631725775,23.008310890210076,22.730385137664847,22.374550148505975,21.710098390347078,21.04566497625465,20.58453632150122
GLC_wt,NADTRHD,0.0,0.5689960754869798,0.0,0.0,0.0,0.0,6.748700099560148e-07,6.689125138554021e-07,0.0,0.0,0.0,0.0,7.739095644862476e-07,0.0,0.0,0.0
GLC_wt,NH4t,0.0,-3.587408148320037e-13,-4.619638005465276e-13,-2.469136006766348e-13,0.0,2.220446049250313e-16,6.573756361483163e-07,6.533351699644641e-07,0.0,0.0,0.0,8.364318127007664e-10,1.5394644501398602e-06,-1.1057821325266559e-13,0.0,0.0
GLC_wt,O2t,0.0,4.066092295259697,6.360308817341128,8.6835814979692,11.006854178597278,12.112827374060455,12.006438997989711,11.900043432766601,11.78208119028256,11.643118315862887,11.504155445105038,11.365192568832361,11.187275559141574,10.855049195173539,10.522832488127325,10.29226816075061
GLC_wt,PDH,0.0,1.5411262929742797,2.6272023880702853,3.61067370227765,4.594145016485023,5.751211684778587,7.081167368522818,8.411126250573181,8.476715044874183,6.245049086864487,4.013383136375172,1.7817171767470823,2.91091689296359e-06,0.0,0.0,0.0
GLC_wt,GLCt2pp,0.0,0.0,0.0,0.0,0.0,0.0,6.748533449942111e-07,6.688901865346568e-07,0.0,0.0,0.0,0.0,1.5478617360088432e-06,0.0,0.0,0.0
GLC_wt,GLK,0.0,1.0,2.0,3.0,4.0,5.0,6.0,7.0,8.0,9.0,10.0,11.0,12.0,13.0,14.0,15.0
GLC_wt,EX_man__D_e,0.0,0.0,0.0,0.0,0.0,0.0,0.0,0.0,0.0,0.0,0.0,0.0,0.0,0.0,0.0,0.0
GLC_wt,MANpts,0.0,0.0,0.0,0.0,0.0,0.0,0.0,0.0,0.0,0.0,0.0,0.0,0.0,0.0,0.0,0.0
GLC_wt,MAN6PI,0.0,0.0,0.0,0.0,0.0,0.0,0.0,0.0,0.0,0.0,0.0,0.0,0.0,0.0,0.0,0.0
GLC_wt,EX_glyc_e,0.0,0.0,0.0,0.0,0.0,0.0,0.0,0.0,0.0,0.0,0.0,0.0,0.0,0.0,0.0,0.0
GLC_wt,GLYCt,0.0,0.0,0.0,0.0,0.0,0.0,0.0,0.0,0.0,0.0,0.0,0.0,0.0,0.0,0.0,0.0
GLC_wt,GLYK,0.0,0.0,0.0,0.0,0.0,0.0,0.0,0.0,0.0,0.0,0.0,0.0,0.0,0.0,0.0,0.0
GLC_wt,GLY3PD,0.0,0.0,0.0,0.0,0.0,0.0,0.0,0.0,0.0,0.0,0.0,0.0,0.0,0.0,0.0,0.0
GLC_wt,EX_glcn_e,0.0,0.0,0.0,0.0,0.0,0.0,0.0,0.0,0.0,0.0,0.0,0.0,0.0,0.0,0.0,0.0
GLC_wt,GLCNt2r,0.0,0.0,0.0,0.0,0.0,0.0,1.590679640773822e-06,1.577103163681562e-06,0.0,0.0,0.0,0.0,3.6593263027127754e-06,0.0,0.0,0.0
GLC_wt,GLCNK,0.0,0.0,0.0,0.0,0.0,0.0,0.0,0.0,0.0,0.0,0.0,0.0,0.0,0.0,0.0,0.0
GLC_wt,biomass_ce,0.0,0.044242436898679266,0.12902047014199597,0.21313377918060275,0.29724708821920787,0.3576766985063994,0.39451855851972256,0.43136041524165414,0.46346388456431703,0.48695813667224846,0.5104523888800964,0.5339466414769206,0.5563777327376398,0.5745988569052697,0.5928199864832665,0.6138148020799377
GLC_wt,biomass_EX,0.0,0.044242436898679266,0.12902047014199597,0.21313377918060275,0.29724708821920787,0.3576766985063994,0.39451855851972256,0.43136041524165414,0.46346388456431703,0.48695813667224846,0.5104523888800964,0.5339466414769206,0.5563777327376398,0.5745988569052697,0.5928199864832665,0.6138148020799377
GLC_wt,charge_ce,0.0,4.332865360697398,12.63556813516786,20.87317141053971,29.110774685912396,35.02892439754484,38.63702171509691,42.245113970832115,45.38915014925254,47.69005033174198,49.99095052401667,52.291850792389376,54.488637786666764,56.27310921147482,58.057588248243974,60.11370711577791
GLC_wt,EX_charge,0.0,0.0,0.0,0.0,0.0,0.0,0.0,0.0,0.0,0.0,0.0,0.0,0.0,0.0,0.0,0.0
GLC_wt,AKGt2r0,0.0,0.0,0.0,0.0,0.0,0.0,-2.9352618824203283e-07,-2.883072465317089e-07,0.0,0.0,0.0,0.0,-8.088458495494021e-07,0.0,0.0,0.0
GLC_wt,PIt2r0,0.0,0.0,0.0,0.0,0.0,0.0,6.748589302413044e-07,6.688865396968405e-07,0.0,0.0,0.0,-5.928590951498336e-13,1.547777146424603e-06,0.0,-4.547473508864641e-13,-4.547473508864641e-13
GLC_wt,SUCCt30,0.0,0.0,0.0,0.0,0.0,0.0,1.6099522884613803e-07,1.591289177974694e-07,0.0,0.0,0.0,0.0,3.9660669643082074e-07,0.0,0.0,0.0
GLC_wt,SUCCt3+1,0.0,0.0,0.0,0.0,0.0,0.0,2.1143688314940186e-07,2.0880348894200754e-07,0.0,0.0,0.0,0.0,5.332380658067969e-07,0.0,0.0,0.0
GLC_wt,SUCCt3+2,0.0,0.0,0.0,0.0,0.0,0.0,3.0790799202661486e-07,0.0,0.0,0.0,0.0,0.0,0.0,0.0,0.0,0.0
GLC_wt,ETOHt2r0,0.0,0.0,0.0,0.0,0.0,0.0,-2.8620167429985077e-07,-2.861291981865581e-07,0.0,0.0,0.0,7.531752999057062e-13,-1.396648730610326e-06,0.0,0.0,0.0
GLC_wt,NH4t0,0.0,0.24124515992147622,0.7035228195907376,1.1621758711162329,1.6208289226416965,1.9503395016156944,2.151230222604065,2.352121281276085,2.527175869752308,2.6552853276464363,2.783394786085389,2.9115042437038183,3.033814872950964,3.133172646933165,3.2325288222959556,3.347009352781484
GLC_wt,GLCt2pp0,0.0,1.0,2.0,3.0,4.0,5.0,5.999999325146655,6.999999331109813,8.0,9.0,10.0,11.0,11.999998452138264,13.0,14.0,15.0
GLC_wt,GLCNt2r0,0.0,0.0,0.0,0.0,0.0,0.0,-1.1623935771167347e-06,-1.1526422072450967e-06,0.0,0.0,0.0,0.0,-2.677794697317544e-06,0.0,0.0,0.0
GLC_wt,GLCNt2r+1,0.0,0.0,0.0,0.0,0.0,0.0,-4.2828606365708723e-07,-4.2446095643646523e-07,0.0,0.0,0.0,0.0,-9.815316053952315e-07,0.0,0.0,0.0
GLC_dptsG,PFK,0.0,0.9559920480168838,1.8370402386387958,2.6092504630320716,3.3814606874253563,4.105181854342946,4.780611126794093,5.456039588540233,6.214559455502501,7.124050590252774,8.033541724618132,8.943032860779466,9.96260407655111,11.41813014775498,12.873646634543555,14.276724599403966
GLC_dptsG,PFL,0.0,0.0,0.0,0.0,0.0,0.0,1.5314022012303346e-06,1.5194384485657637e-06,1.3918972186802616,5.312746359998947,9.23359549247541,13.154444638268556,16.745385972447167,19.030059206476515,21.314714339291314,23.520921818820185
GLC_dptsG,PGI,0.0,0.9909303004357708,1.8696815044880088,2.4200714748170276,2.9704614451460687,3.3095648758479714,3.438241146901791,3.566913617732318,3.9316908481001973,4.7254571283841695,5.51922340779107,6.312989689631703,7.434043657459573,9.851258126490368,12.268445928066308,14.536026514672255
GLC_dptsG,PGK,0.0,-1.8823903299922409,-3.6224017845105707,-5.2546811079872215,-6.8869604314638835,-8.5101508987077,-10.124289292222542,-11.738427713438528,-13.443540937141304,-15.313947034084823,-17.184353130477202,-19.05475922962239,-21.037011933731463,-23.462227489407375,-25.887431305029992,-28.255582294663782
GLC_dptsG,PGL,0.0,0.0,0.10386929913288197,0.5362361004509492,0.9686029017689939,1.6171114009582168,2.4808825486016657,3.3446574971431424,3.973299055564118,4.17471645359802,4.37613385248851,4.577551248865529,4.451898907329212,3.030949107844051,1.6100259747046226,0.3381414509013573
GLC_dptsG,ACALD,0.0,0.0,0.0,0.0,0.0,0.0,-1.48893975232277e-06,-8.932877577561005e-07,0.0,0.0,0.0,0.0,-1.6717278660648033e-05,0.0,0.0,0.0
GLC_dptsG,AKGt2r,0.0,0.0,0.0,0.0,0.0,0.0,-2.0455455958398298e-07,-2.0146900025541737e-07,0.0,0.0,0.0,0.0,-5.312411965810867e-07,0.0,0.0,0.0
GLC_dptsG,PGM,0.0,-1.8162036443918166,-3.429387161178145,-4.93583297433304,-6.442278787487949,-7.975066557742126,-9.534089528677038,-11.093112532237013,-12.750198965833086,-14.585457661623138,-16.42071635671258,-18.2559750545508,-20.204670551970516,-22.602627599477092,-25.000572605251026,-27.337315350752196
GLC_dptsG,PIt2r,0.0,0.16275465261966104,0.4746276035092709,0.7840552334716946,1.0934828634324547,1.315785270795944,1.4513165158831716,1.5868464934143567,1.7049445921472026,1.7913728973766518,1.8778012029736628,1.9642295080172474,2.0467479668383217,2.1137768148979568,2.180806884276444,2.2580405124119105
GLC_dptsG,ALCD2x,0.0,-0.0,-0.0,-0.0,-0.0,-0.0,-8.976873567757528e-07,-8.932877577561005e-07,-0.0,-0.0,-0.0,-0.0,-1.6717278660648033e-05,-0.0,-0.0,-0.0
GLC_dptsG,ACALDt,0.0,0.0,0.0,0.0,0.0,0.0,-5.912523955470172e-07,0.0,0.0,0.0,0.0,0.0,0.0,0.0,0.0,0.0
GLC_dptsG,ACKr,0.0,0.0,0.0,0.0,0.0,-1.1262759257536088,-3.37425393221291,-5.622244562445973,-7.631611131927854,-9.207394608587492,-10.783178083443019,-12.358961561015596,-14.059898058159106,-16.256642904043915,-18.453350110532533,-20.558221913620944
GLC_dptsG,PPC,0.0,0.1267811271768537,0.3697210592389033,0.6107561576199272,0.8517912560009626,1.024958347239938,1.1305340112165945,1.2361079599767202,1.3281021076075068,1.3954272364479952,1.462752365574804,1.5300774953996539,1.5943599685559926,1.6465704843477407,1.6987849532664483,1.758947696840269
GLC_dptsG,ACONTa,0.0,1.3753144879654096,2.1436594700721128,2.811890924664587,3.480122379257076,3.2844350283626955,2.2283361780061064,1.1722291063360883,0.5000311850564416,0.5253791336556889,0.5507270823627359,0.5760750310728397,0.6002805532323777,0.6199347067150954,0.6395934834167962,0.6622447899640447
GLC_dptsG,ACONTb,0.0,1.3753144879654096,2.1436594700721128,2.811890924664587,3.480122379257076,3.2844350283626955,2.2283361780061064,1.1722291063360883,0.5000311850564416,0.5253791336556889,0.5507270823627359,0.5760750310728397,0.6002805532323777,0.6199347067150954,0.6395934834167962,0.6622447899640447
GLC_dptsG,ATPM,0.0,8.39,8.39,8.39,8.39,8.39,8.390000168713964,8.390000167222823,8.39,8.39,8.39,8.39,8.39,8.39,8.39,8.39
GLC_dptsG,PPCK,0.0,0.0,0.0,0.0,0.0,0.0,1.687158902328769e-07,1.6722293175084508e-07,0.0,0.0,0.0,0.0,3.8696599395462863e-07,0.0,0.0,0.0
GLC_dptsG,ACt2r,0.0,-0.0,-0.0,-0.0,-0.0,-1.1262759257536088,-3.37425393221291,-5.622244562445973,-7.631611131927854,-9.207394608587492,-10.783178083443019,-12.358961561015596,-14.059898058159106,-16.256642904043915,-18.453350110532533,-20.558221913620944
GLC_dptsG,PPS,0.0,0.0,0.0,0.0,0.0,0.0,1.6871672129181953e-07,0.0,0.0,0.0,0.0,0.0,0.0,0.0,0.0,0.0
GLC_dptsG,ADK1,0.0,0.0,0.0,0.0,0.0,0.0,1.6871672129181953e-07,0.0,0.0,0.0,0.0,0.0,0.0,0.0,0.0,0.0
GLC_dptsG,AKGDH,0.0,1.3275813227954256,2.0044592848359133,2.581940890306635,3.1594224957773727,2.8985376383441412,1.8026887652403,0.7068330607250349,-0.0,-0.0,-0.0,-0.0,1.9772226318571176e-06,-0.0,-0.0,-0.0
GLC_dptsG,ATPS4r,0.0,8.127017069033357,11.357192446811409,14.750219032926083,18.14324561904018,19.679880424705807,19.36765304002461,19.05541534679693,18.186177281759996,16.30493984106615,14.423702409382992,12.542464941211902,10.353416753522385,6.945159464822928,3.5369578840878546,0.46239975825992347
GLC_dptsG,PTAr,0.0,0.0,0.0,0.0,0.0,1.1262759257536088,3.37425393221291,5.622244562445973,7.631611131927854,9.207394608587492,10.783178083443019,12.358961561015596,14.059898058159106,16.256642904043915,18.453350110532533,20.558221913620944
GLC_dptsG,PYK,0.0,1.6664562682208583,2.9926915758885313,4.214439071940462,5.4361865679923955,6.764438236307516,8.198760925540215,9.63308523470417,11.181512755748242,12.937250456428579,14.692988156070118,16.44872586099146,18.321495033923927,20.657782848509825,22.994054797001112,25.25973639015223
GLC_dptsG,BIOMASS_Ecoli_core_w_GAM,0.0,0.044242436898679266,0.12902047014199597,0.21313377918060275,0.29724708821920787,0.3576766985063994,0.39451855851972256,0.43136041524165414,0.46346388456431703,0.48695813667224846,0.5104523888800964,0.5339466414769206,0.5563777327376398,0.5745988569052697,0.5928199864832665,0.6138148020799377
GLC_dptsG,PYRt2,0.0,0.0,0.0,0.0,0.0,0.0,0.0,0.0,0.0,0.0,0.0,0.0,0.0,0.0,0.0,0.0
GLC_dptsG,CO2t,0.0,-4.117240976558261,-6.50946938287229,-8.929985460079894,-11.350501537287503,-12.526337405203703,-12.462540423335627,-12.39873755953151,-11.621943177887236,-9.5497174376702,-7.477491705651614,-5.405265961285889,-3.4578241832674523,-2.0043133304034795,-0.5508345048549705,0.758561455974867
GLC_dptsG,RPE,0.0,-0.03180146364277066,-0.023493714516145306,0.20429017315894882,0.4320740608340293,0.8209762564190779,1.3703418419956117,1.9197098731974036,2.3157281968179144,2.4331187937586676,2.55050939119866,2.667899986474939,2.5680080612566725,1.607611080219193,0.6472316435189098,-0.21578244580082107
GLC_dptsG,CS,0.0,1.3753144879654096,2.1436594700721128,2.811890924664587,3.480122379257076,3.2844350283626955,2.2283361780061064,1.1722291063360883,0.5000311850564416,0.5253791336556889,0.5507270823627359,0.5760750310728397,0.6002805532323777,0.6199347067150954,0.6395934834167962,0.6622447899640447
GLC_dptsG,RPI,0.0,-0.03180146364277066,-0.12736301364902727,-0.33194592729200034,-0.5365288409349646,-0.7961351445391389,-1.110540706606054,-1.4249476239457388,-1.6575708587462037,-1.741597659839352,-1.8256244612898502,-1.90965126239059,-1.8838908460725392,-1.4233380276248582,-0.9627943311857128,-0.5539238967021783
GLC_dptsG,SUCCt2_2,0.0,0.0,0.0,0.0,0.0,0.0,0.0,-3.035665023525154e-07,0.0,0.0,0.0,0.0,-8.134840721057239e-07,0.0,0.0,0.0
GLC_dptsG,CYTBD,0.0,8.132184590519394,12.720617634682256,17.3671629959384,22.013708357194556,24.22565474812091,24.012877995979423,23.800086865533203,23.56416238056512,23.286236631725775,23.008310890210076,22.730385137664722,22.374551118283147,21.710098390347078,21.04566497625465,20.58453632150122
GLC_dptsG,D_LACt2,0.0,-0.0,-0.0,-0.0,-0.0,-0.0,-0.0,-0.0,-0.0,-0.0,-0.0,-0.0,-0.0,-0.0,-0.0,-0.0
GLC_dptsG,ENO,0.0,1.8162036443918166,3.429387161178145,4.93583297433304,6.442278787487949,7.975066557742126,9.534089528677038,11.093112532237013,12.750198965833086,14.585457661623138,16.42071635671258,18.2559750545508,20.204670551970516,22.602627599477092,25.000572605251026,27.337315350752196
GLC_dptsG,SUCCt3,0.0,0.0,0.0,0.0,0.0,0.0,1.299851819756756e-07,1.2854736378061952e-07,0.0,0.0,0.0,0.0,3.157119530829576e-07,0.0,0.0,0.0
GLC_dptsG,ETOHt2r,0.0,0.0,0.0,0.0,0.0,0.0,-6.11485682475902e-07,-6.071585595695424e-07,0.0,0.0,0.0,-7.531752999057062e-13,-1.5320629930037707e-05,0.0,0.0,0.0
GLC_dptsG,SUCDi,0.0,1.3275813227954254,2.0044592848359137,2.581940890306635,3.1594224957773727,2.8985376383441412,1.8026886239370834,0.7068329250204599,0.0,0.0,0.0,0.0,9.697771738219867e-07,0.0,0.0,0.0
GLC_dptsG,SUCOAS,0.0,-1.3275813227954256,-2.0044592848359133,-2.581940890306635,-3.1594224957773727,-2.8985376383441412,-1.8026887652403,-0.7068330607250349,0.0,0.0,0.0,0.0,-1.9772226318571176e-06,0.0,0.0,0.0
GLC_dptsG,TALA,0.0,-0.007914971961173722,0.011541337602557485,0.14061573372157327,0.26969012984058166,0.47504877228994413,0.756381396622899,1.0377153791833058,1.2415193295728162,1.3044553405486745,1.3673913517921876,1.4303273623367583,1.3844303053841005,0.9075206337809976,0.43061982931968446,0.0029023488750182513
GLC_dptsG,THD2,0.0,0.0,0.0,0.0,0.0,0.0,6.748625193897141e-07,6.688786870950709e-07,0.0,0.0,0.0,0.0,0.6359073316681928,3.7902312446953497,6.94449882083149,9.848247076140105
GLC_dptsG,TKT1,0.0,-0.007914971961173722,0.011541337602557485,0.14061573372157327,0.26969012984058166,0.47504877228994413,0.756381396622899,1.0377153791833058,1.2415193295728162,1.3044553405486745,1.3673913517921876,1.4303273623367583,1.3844303053841005,0.9075206337809976,0.43061982931968446,0.0029023488750182513
GLC_dptsG,TKT2,0.0,-0.023886491681596934,-0.03503505211870306,0.06367443943737569,0.16238393099344764,0.34592748412913393,0.6139601969972792,0.8819942692810687,1.0742088672450978,1.1286634532099928,1.1831180394064729,1.2375726247635899,1.1835775058688722,0.7000904464381952,0.2166118141992253,-0.21868479467583923
GLC_dptsG,TPI,0.0,0.9559920480168838,1.8370402386387958,2.6092504630320716,3.3814606874253563,4.105181854342946,4.780611126794093,5.456039588540233,6.214559455502501,7.124050590252774,8.033541724618132,8.943032860779596,9.96260368958437,11.41813014775498,12.873646634543555,14.276724599403966
GLC_dptsG,EX_ac_e,0.0,0.0,0.0,0.0,0.0,1.1262759257536088,3.37425393221291,5.622244562445973,7.631611131927854,9.207394608587492,10.783178083443019,12.358961561015596,14.059898058159106,16.256642904043915,18.453350110532533,20.558221913620944
GLC_dptsG,EX_acald_e,0.0,0.0,0.0,0.0,0.0,0.0,5.912523955470172e-07,0.0,0.0,0.0,0.0,0.0,0.0,0.0,0.0,0.0
GLC_dptsG,EX_akg_e,0.0,0.0,0.0,0.0,0.0,0.0,4.2594059003232583e-07,4.235528514219895e-07,0.0,0.0,0.0,0.0,1.3073570709292975e-06,0.0,0.0,0.0
GLC_dptsG,EX_co2_e,0.0,4.117240976558261,6.50946938287229,8.929985460079894,11.350501537287503,12.526337405203703,12.462540423335627,12.39873755953151,11.621943177887236,9.5497174376702,7.477491705651614,5.405265961285889,3.4578241832674523,2.0043133304034795,0.5508345048549705,-0.758561455974867
GLC_dptsG,EX_etoh_e,0.0,0.0,0.0,0.0,0.0,0.0,8.976873567757528e-07,8.932877577561005e-07,0.0,0.0,0.0,0.0,1.6717278660648033e-05,0.0,0.0,0.0
GLC_dptsG,EX_for_e,0.0,0.0,0.0,0.0,0.0,0.0,1.5314022012303346e-06,1.5194384485657637e-06,1.3918972186802616,5.312746359998947,9.23359549247541,13.154444638268556,16.745385972447167,19.030059206476515,21.314714339291314,23.520921818820185
GLC_dptsG,EX_fru_e,0.0,0.0,0.0,0.0,0.0,0.0,0.0,0.0,0.0,0.0,0.0,0.0,0.0,0.0,0.0,0.0
GLC_dptsG,EX_fum_e,0.0,0.0,0.0,0.0,0.0,0.0,0.0,0.0,0.0,0.0,0.0,0.0,0.0,0.0,0.0,0.0
GLC_dptsG,EX_glc__D_e,0.0,-1.0,-2.0,-3.0,-4.0,-5.0,-6.0,-7.0,-8.0,-9.0,-10.0,-11.0,-12.0,-13.0,-14.0,-15.0
GLC_dptsG,EX_gln__L_e,0.0,0.0,0.0,0.0,0.0,0.0,0.0,0.0,0.0,0.0,0.0,0.0,0.0,0.0,0.0,0.0
GLC_dptsG,EX_glu__L_e,0.0,0.0,0.0,0.0,0.0,0.0,0.0,0.0,0.0,0.0,0.0,0.0,0.0,0.0,0.0,0.0
GLC_dptsG,EX_h_e,0.0,4.273792217757916,12.46329813358015,20.588592099694683,28.71388606580923,35.67762521175162,41.48450971748547,47.2914008593048,53.79383480434736,61.559997738905444,69.32616067246906,77.0923236992018,84.55103984183584,90.79259860076645,97.03411086055316,103.37327642864814
GLC_dptsG,EX_h2o_e,0.0,4.439520583902998,7.449306095574187,10.482537161143082,13.5157682267115,15.131797547803707,15.336375064294955,15.540942565191997,14.997999498607541,13.096915288445523,11.195831087209779,9.294746821774611,7.510693819057583,6.189921243644229,4.86917241439367,3.712711088296235
GLC_dptsG,EX_lac__D_e,0.0,0.0,0.0,0.0,0.0,0.0,0.0,0.0,0.0,0.0,0.0,0.0,0.0,0.0,0.0,0.0
GLC_dptsG,EX_mal__L_e,0.0,0.0,0.0,0.0,0.0,0.0,0.0,0.0,0.0,0.0,0.0,0.0,0.0,0.0,0.0,0.0
GLC_dptsG,EX_nh4_e,0.0,-0.24124515992111747,-0.7035228195902756,-1.162175871115986,-1.6208289226416965,-1.9503395016156946,-2.151230879979701,-2.352121934611255,-2.527175869752308,-2.6552853276464363,-2.783394786085389,-2.91150424454025,-3.033816412415414,-3.1331726469330543,-3.2325288222959556,-3.347009352781484
GLC_dptsG,EX_o2_e,0.0,-4.066092295259697,-6.360308817341128,-8.6835814979692,-11.006854178597278,-12.112827374060455,-12.006438997989711,-11.900043432766601,-11.78208119028256,-11.643118315862887,-11.504155445105038,-11.365192568832361,-11.187275559141574,-10.855049195173539,-10.522832488127325,-10.29226816075061
GLC_dptsG,EX_pi_e,0.0,-0.16275465261917188,-0.4746276035109016,-0.7840552334712276,-1.093482863432,-1.3157852707954893,-1.4513172077832934,-1.5868471777620767,-1.7049445921467479,-1.791372897376197,-1.877801202973208,-1.9642295080166545,-2.0467495229096064,-2.113776814897429,-2.1808068842759893,-2.2580405124114558
GLC_dptsG,EX_pyr_e,0.0,0.0,0.0,0.0,0.0,0.0,0.0,0.0,0.0,0.0,0.0,0.0,0.0,0.0,0.0,0.0
GLC_dptsG,EX_succ_e,0.0,0.0,0.0,0.0,0.0,0.0,7.393511701771448e-07,7.352398042108207e-07,0.0,0.0,0.0,0.0,2.026383340074902e-06,0.0,0.0,0.0
GLC_dptsG,FBA,0.0,0.9559920480168838,1.8370402386387958,2.6092504630320716,3.3814606874253563,4.105181854342946,4.780611126794093,5.456039588540233,6.214559455502501,7.124050590252774,8.033541724618132,8.943032860779596,9.96260368958437,11.41813014775498,12.873646634543555,14.276724599403966
GLC_dptsG,FBP,0.0,0.0,0.0,0.0,0.0,0.0,0.0,0.0,0.0,0.0,0.0,-1.2967404927621828e-13,3.8696673954063954e-07,0.0,0.0,0.0
GLC_dptsG,FORt2,0.0,0.0,0.0,0.0,0.0,0.0,0.0,0.0,0.0,0.0,0.0,0.0,0.0,0.0,0.0,0.0
GLC_dptsG,FORt,0.0,0.0,0.0,0.0,0.0,0.0,-1.5314022012303346e-06,-1.5194384485657637e-06,-1.3918972186802616,-5.312746359998947,-9.23359549247541,-13.154444638268556,-16.745385972447167,-19.030059206476515,-21.314714339291314,-23.520921818820185
GLC_dptsG,FRD7,0.0,0.0,0.0,0.0,0.0,0.0,0.0,0.0,0.0,0.0,0.0,0.0,0.0,0.0,0.0,0.0
GLC_dptsG,FRUpts2,0.0,0.0,0.0,0.0,0.0,0.0,0.0,0.0,0.0,0.0,0.0,0.0,0.0,0.0,0.0,0.0
GLC_dptsG,FUM,0.0,1.3275813227954254,2.0044592848359137,2.581940890306635,3.1594224957773727,2.8985376383441412,1.8026886239370834,0.7068329250204599,0.0,0.0,0.0,0.0,9.697771738219867e-07,0.0,0.0,0.0
GLC_dptsG,FUMt2_2,0.0,0.0,0.0,0.0,0.0,0.0,0.0,0.0,0.0,0.0,0.0,0.0,0.0,0.0,0.0,0.0
GLC_dptsG,G6PDH2r,0.0,0.0,0.10386929913288197,0.5362361004509492,0.9686029017689939,1.6171114009582168,2.4808825486016657,3.3446574971431424,3.973299055564118,4.17471645359802,4.37613385248851,4.577551248865529,4.451898907329212,3.030949107844051,1.6100259747046226,0.3381414509013573
GLC_dptsG,GAPD,0.0,1.8823903299922409,3.6224017845105707,5.2546811079872215,6.8869604314638835,8.5101508987077,10.124289292222542,11.738427713438528,13.443540937141304,15.313947034084823,17.184353130477202,19.05475922962239,21.037011933731463,23.462227489407375,25.887431305029992,28.255582294663782
GLC_dptsG,GLCpts,0.0,0.0,0.0,0.0,0.0,0.0,0.0,0.0,0.0,0.0,0.0,0.0,0.0,0.0,0.0,0.0
GLC_dptsG,GLNS,0.0,0.011312791114991469,0.0329905342153084,0.05449830733647554,0.07600608045765145,0.09145793180808631,0.10087888377900267,0.11029930129317747,0.11850771528309585,0.12451519554709392,0.13052267583664062,0.13653015612672448,0.14226690523177096,0.1469249275248785,0.15158407054377124,0.15695244489184004
GLC_dptsG,GLNabc,0.0,0.0,0.0,0.0,0.0,0.0,0.0,0.0,0.0,0.0,0.0,0.0,0.0,0.0,0.0,0.0
GLC_dptsG,GLUDy,0.0,-0.229932368806126,-0.6705322853749672,-1.1076775637795104,-1.544822842184045,-1.8588815698076082,-2.0503521759923817,-2.241822903342514,-2.408668154469212,-2.5307701320993425,-2.6528721102487487,-2.774974090419704,-2.8915501012276654,-2.986247719222377,-3.080944751752184,-3.1900569078896437
GLC_dptsG,GLUN,0.0,0.0,0.0,0.0,0.0,0.0,2.5758461702361155e-07,2.6836846986146503e-07,0.0,0.0,0.0,0.0,5.910505144213294e-07,0.0,0.0,0.0
GLC_dptsG,GLUSy,0.0,0.0,0.0,0.0,0.0,0.0,2.575822306980015e-07,2.683697237763919e-07,0.0,0.0,0.0,0.0,5.910471869135765e-07,0.0,0.0,0.0
GLC_dptsG,GLUt2r,0.0,0.0,0.0,0.0,0.0,0.0,0.0,0.0,0.0,0.0,0.0,0.0,0.0,0.0,0.0,0.0
GLC_dptsG,GND,0.0,0.0,0.10386929913288197,0.5362361004509492,0.9686029017689939,1.6171114009582168,2.4808825486016657,3.3446574971431424,3.973299055564118,4.17471645359802,4.37613385248851,4.577551248865529,4.451898907329212,3.030949107844051,1.6100259747046226,0.3381414509013573
GLC_dptsG,H2Ot,0.0,-4.439520583902998,-7.449306095574187,-10.482537161143082,-13.5157682267115,-15.131797547803707,-15.336375064294955,-15.540942565191997,-14.997999498607541,-13.096915288445523,-11.195831087209779,-9.294746821774611,-7.510693819057583,-6.189921243644229,-4.86917241439367,-3.712711088296235
GLC_dptsG,ICDHyr,0.0,1.3753144879654096,2.1436594700721128,2.811890924664587,3.480122379257076,3.2844350283626955,2.2283353426239425,1.1722282922270248,0.5000311850564416,0.5253791336556889,0.5507270823627359,0.5760750310729321,0.6002793055192156,0.6199347067150954,0.6395934834167962,0.6622447899640447
GLC_dptsG,ICL,0.0,0.0,0.0,0.0,0.0,0.0,6.748874276214837e-07,6.68948726689941e-07,0.0,0.0,0.0,0.0,1.0955210731318615e-06,0.0,0.0,0.0
GLC_dptsG,LDH_D,0.0,0.0,0.0,0.0,0.0,0.0,0.0,0.0,0.0,0.0,0.0,0.0,0.0,0.0,0.0,0.0
GLC_dptsG,MALS,0.0,0.0,0.0,0.0,0.0,0.0,6.748874276214837e-07,6.68948726689941e-07,0.0,0.0,0.0,0.0,1.0955210731318615e-06,0.0,0.0,0.0
GLC_dptsG,MALt2_2,0.0,0.0,0.0,0.0,0.0,0.0,0.0,0.0,0.0,0.0,0.0,0.0,0.0,0.0,0.0,0.0
GLC_dptsG,MDH,0.0,1.3275813227954254,2.0044592848359137,2.581940890306643,3.1594224957773727,2.8985376383441412,1.8026887896564006,0.7068330993253141,0.0,0.0,0.0,0.0,1.1938140274214646e-06,0.0,0.0,0.0
GLC_dptsG,ME1,0.0,0.0,0.0,0.0,0.0,0.0,1.6871603524382458e-07,1.672239945564048e-07,0.0,0.0,0.0,0.0,2.9223760735779103e-07,0.0,0.0,0.0
GLC_dptsG,ME2,0.0,0.0,0.0,0.0,0.0,0.0,2.249541261263843e-07,2.229634884724605e-07,0.0,0.0,0.0,0.0,4.6954284679057747e-07,0.0,0.0,0.0
GLC_dptsG,NADH16,0.0,6.8046032677239685,10.716158349846342,14.785222105631766,18.854285861417182,21.32711710977677,22.21018937204234,23.093253940512742,23.56416238056512,23.286236631725775,23.008310890210076,22.730385137664847,22.374550148505975,21.710098390347078,21.04566497625465,20.58453632150122
GLC_dptsG,NADTRHD,0.0,0.5689960754869798,0.0,0.0,0.0,0.0,6.748700099560148e-07,6.689125138554021e-07,0.0,0.0,0.0,0.0,7.739095644862476e-07,0.0,0.0,0.0
GLC_dptsG,NH4t,0.0,-3.587408148320037e-13,-4.619638005465276e-13,-2.469136006766348e-13,0.0,2.220446049250313e-16,6.573756361483163e-07,6.533351699644641e-07,0.0,0.0,0.0,8.364318127007664e-10,1.5394644501398602e-06,-1.1057821325266559e-13,0.0,0.0
GLC_dptsG,O2t,0.0,4.066092295259697,6.360308817341128,8.6835814979692,11.006854178597278,12.112827374060455,12.006438997989711,11.900043432766601,11.78208119028256,11.643118315862887,11.504155445105038,11.365192568832361,11.187275559141574,10.855049195173539,10.522832488127325,10.29226816075061
GLC_dptsG,PDH,0.0,1.5411262929742797,2.6272023880702853,3.61067370227765,4.594145016485023,5.751211684778587,7.081167368522818,8.411126250573181,8.476715044874183,6.245049086864487,4.013383136375172,1.7817171767470823,2.91091689296359e-06,0.0,0.0,0.0
GLC_dptsG,GLCt2pp,0.0,0.0,0.0,0.0,0.0,0.0,6.748533449942111e-07,6.688901865346568e-07,0.0,0.0,0.0,0.0,1.5478617360088432e-06,0.0,0.0,0.0
GLC_dptsG,GLK,0.0,1.0,2.0,3.0,4.0,5.0,6.0,7.0,8.0,9.0,10.0,11.0,12.0,13.0,14.0,15.0
GLC_dptsG,EX_man__D_e,0.0,0.0,0.0,0.0,0.0,0.0,0.0,0.0,0.0,0.0,0.0,0.0,0.0,0.0,0.0,0.0
GLC_dptsG,MANpts,0.0,0.0,0.0,0.0,0.0,0.0,0.0,0.0,0.0,0.0,0.0,0.0,0.0,0.0,0.0,0.0
GLC_dptsG,MAN6PI,0.0,0.0,0.0,0.0,0.0,0.0,0.0,0.0,0.0,0.0,0.0,0.0,0.0,0.0,0.0,0.0
GLC_dptsG,EX_glyc_e,0.0,0.0,0.0,0.0,0.0,0.0,0.0,0.0,0.0,0.0,0.0,0.0,0.0,0.0,0.0,0.0
GLC_dptsG,GLYCt,0.0,0.0,0.0,0.0,0.0,0.0,0.0,0.0,0.0,0.0,0.0,0.0,0.0,0.0,0.0,0.0
GLC_dptsG,GLYK,0.0,0.0,0.0,0.0,0.0,0.0,0.0,0.0,0.0,0.0,0.0,0.0,0.0,0.0,0.0,0.0
GLC_dptsG,GLY3PD,0.0,0.0,0.0,0.0,0.0,0.0,0.0,0.0,0.0,0.0,0.0,0.0,0.0,0.0,0.0,0.0
GLC_dptsG,EX_glcn_e,0.0,0.0,0.0,0.0,0.0,0.0,0.0,0.0,0.0,0.0,0.0,0.0,0.0,0.0,0.0,0.0
GLC_dptsG,GLCNt2r,0.0,0.0,0.0,0.0,0.0,0.0,1.590679640773822e-06,1.577103163681562e-06,0.0,0.0,0.0,0.0,3.6593263027127754e-06,0.0,0.0,0.0
GLC_dptsG,GLCNK,0.0,0.0,0.0,0.0,0.0,0.0,0.0,0.0,0.0,0.0,0.0,0.0,0.0,0.0,0.0,0.0
GLC_dptsG,biomass_ce,0.0,0.044242436898679266,0.12902047014199597,0.21313377918060275,0.29724708821920787,0.3576766985063994,0.39451855851972256,0.43136041524165414,0.46346388456431703,0.48695813667224846,0.5104523888800964,0.5339466414769206,0.5563777327376398,0.5745988569052697,0.5928199864832665,0.6138148020799377
GLC_dptsG,biomass_EX,0.0,0.044242436898679266,0.12902047014199597,0.21313377918060275,0.29724708821920787,0.3576766985063994,0.39451855851972256,0.43136041524165414,0.46346388456431703,0.48695813667224846,0.5104523888800964,0.5339466414769206,0.5563777327376398,0.5745988569052697,0.5928199864832665,0.6138148020799377
GLC_dptsG,charge_ce,0.0,4.332865360697398,12.63556813516786,20.87317141053971,29.110774685912396,35.02892439754484,38.63702171509691,42.245113970832115,45.38915014925254,47.69005033174198,49.99095052401667,52.291850792389376,54.488637786666764,56.27310921147482,58.057588248243974,60.11370711577791
GLC_dptsG,EX_charge,0.0,0.0,0.0,0.0,0.0,0.0,0.0,0.0,0.0,0.0,0.0,0.0,0.0,0.0,0.0,0.0
GLC_dptsG,AKGt2r0,0.0,0.0,0.0,0.0,0.0,0.0,-2.9352618824203283e-07,-2.883072465317089e-07,0.0,0.0,0.0,0.0,-8.088458495494021e-07,0.0,0.0,0.0
GLC_dptsG,PIt2r0,0.0,0.0,0.0,0.0,0.0,0.0,6.748589302413044e-07,6.688865396968405e-07,0.0,0.0,0.0,-5.928590951498336e-13,1.547777146424603e-06,0.0,-4.547473508864641e-13,-4.547473508864641e-13
GLC_dptsG,SUCCt30,0.0,0.0,0.0,0.0,0.0,0.0,1.6099522884613803e-07,1.591289177974694e-07,0.0,0.0,0.0,0.0,3.9660669643082074e-07,0.0,0.0,0.0
GLC_dptsG,SUCCt3+1,0.0,0.0,0.0,0.0,0.0,0.0,2.1143688314940186e-07,2.0880348894200754e-07,0.0,0.0,0.0,0.0,5.332380658067969e-07,0.0,0.0,0.0
GLC_dptsG,SUCCt3+2,0.0,0.0,0.0,0.0,0.0,0.0,3.0790799202661486e-07,0.0,0.0,0.0,0.0,0.0,0.0,0.0,0.0,0.0
GLC_dptsG,ETOHt2r0,0.0,0.0,0.0,0.0,0.0,0.0,-2.8620167429985077e-07,-2.861291981865581e-07,0.0,0.0,0.0,7.531752999057062e-13,-1.396648730610326e-06,0.0,0.0,0.0
GLC_dptsG,NH4t0,0.0,0.24124515992147622,0.7035228195907376,1.1621758711162329,1.6208289226416965,1.9503395016156944,2.151230222604065,2.352121281276085,2.527175869752308,2.6552853276464363,2.783394786085389,2.9115042437038183,3.033814872950964,3.133172646933165,3.2325288222959556,3.347009352781484
GLC_dptsG,GLCt2pp0,0.0,1.0,2.0,3.0,4.0,5.0,5.999999325146655,6.999999331109813,8.0,9.0,10.0,11.0,11.999998452138264,13.0,14.0,15.0
GLC_dptsG,GLCNt2r0,0.0,0.0,0.0,0.0,0.0,0.0,-1.1623935771167347e-06,-1.1526422072450967e-06,0.0,0.0,0.0,0.0,-2.677794697317544e-06,0.0,0.0,0.0
GLC_dptsG,GLCNt2r+1,0.0,0.0,0.0,0.0,0.0,0.0,-4.2828606365708723e-07,-4.2446095643646523e-07,0.0,0.0,0.0,0.0,-9.815316053952315e-07,0.0,0.0,0.0
MAN_wt,PFK,0.0,0.955992048016885,1.8370402386387932,2.6092509031374607,3.381460687425353,4.103445068969681,4.778526123534045,5.453607288947535,6.222043152122457,7.132469748674661,8.042896345564081,8.953322942284895,10.027500913229343,11.488424650255917,12.94934839185428,14.344886756037077
MAN_wt,PFL,0.0,0.0,0.0,8.412473141650167e-06,0.0,0.0,0.0,0.0,1.563811143471538,5.506149519058946,9.4484879023928,13.390826281853498,16.842474938552,19.13521927875443,21.427963625796217,23.62289191673549
MAN_wt,PGI,0.0,-0.009069699564228992,-0.13031849551199876,-0.5799273687412918,-1.029538554853939,-1.6980030042201495,-2.570844320667409,-3.4436851540999784,-4.0512567826440256,-4.255358956830981,-4.459461130249556,-4.663563304052315,-4.380806205910738,-2.9481915078559378,-1.5155767967578178,-0.26950670697669143
MAN_wt,PGK,0.0,-1.8823903299922442,-3.6224017845105676,-5.25468164618969,-6.886960431463878,-8.509825353246795,-10.123898650321856,-11.737971968174655,-13.454256367630844,-15.326001892990993,-17.19774741883398,-19.069492944435552,-21.10762065051771,-23.538707524915473,-25.969794404287313,-28.32974234948685
MAN_wt,PGL,0.0,0.0,0.10386929913288949,0.5362349560974513,0.9686029017690013,1.6248531835161393,2.4901767130643204,3.3554997484986075,3.9566449223285765,4.155980554321272,4.355316185563532,4.554651817181003,4.267452362525378,2.831160965240651,1.394869554962177,0.1444137739742892
MAN_wt,ACALD,0.0,0.0,0.0,0.0,0.0,0.0,0.0,0.0,0.0,0.0,0.0,0.0,0.0,0.0,0.0,0.0
MAN_wt,AKGt2r,0.0,0.0,0.0,0.0,0.0,0.0,0.0,0.0,0.0,0.0,0.0,0.0,0.0,0.0,0.0,0.0
MAN_wt,PGM,0.0,-1.816203644391822,-3.4293871611781412,-4.935833600749762,-6.442278787487942,-7.976010076304359,-9.535221865081754,-11.094433593639772,-12.763820547962984,-14.600781941017702,-16.43774333468621,-18.274704728047826,-20.280414066593327,-22.684670004171725,-25.088925947085954,-27.416869043283953
MAN_wt,PIt2r,0.0,0.16275465261916722,0.47462760351136213,0.7840550165507132,1.093482863432003,1.312664611823622,1.447570380924305,1.582476349198837,1.6977982953289774,1.7833333137193468,1.8688683317877004,1.9544033500170566,2.034120895910835,2.100098815213936,2.166076733627403,2.2447774274923855
MAN_wt,ALCD2x,0.0,-0.0,-0.0,-0.0,-0.0,-0.0,-0.0,-0.0,-0.0,-0.0,-0.0,-0.0,-0.0,-0.0,-0.0,-0.0
MAN_wt,ACALDt,0.0,-0.0,-0.0,-0.0,-0.0,-0.0,-0.0,-0.0,-0.0,-0.0,-0.0,-0.0,-0.0,-0.0,-0.0,-0.0
MAN_wt,ACKr,0.0,-0.0,-0.0,-0.0,-0.0,-1.1666169770329207,-3.4226774443159904,-5.67873533685979,-7.666687339690402,-9.246855341028786,-10.827023343947703,-12.407191346076369,-14.173572519683143,-16.379749424894896,-18.585926338113197,-20.67759406442966
MAN_wt,PPC,0.0,0.12678112717685153,0.3697210592389051,0.6107559886448255,0.8517912560009631,1.0225274449239607,1.1276151041337128,1.2327029184940894,1.3225353508290243,1.3891646352771807,1.455793919474499,1.5224232037972345,1.5845208468540823,1.6359157215530031,1.6873105955589658,1.7486161405447986
MAN_wt,ACONTa,0.0,1.3753144879654258,2.1436594700721043,2.811892138702622,3.4801223792570672,3.253491107751078,2.1911936400483976,1.1288981473197812,0.49793529802115943,0.5230212608181709,0.5481072235207416,0.573193186270532,0.596572983553486,0.6159231825738188,0.6352733813332525,0.6583549532502035
MAN_wt,ACONTb,0.0,1.3753144879654258,2.1436594700721043,2.811892138702622,3.4801223792570672,3.253491107751078,2.1911936400483976,1.1288981473197812,0.49793529802115943,0.5230212608181709,0.5481072235207416,0.573193186270532,0.596572983553486,0.6159231825738188,0.6352733813332525,0.6583549532502035
MAN_wt,ATPM,0.0,8.39,8.39,8.39,8.39,8.39,8.39,8.39,8.39,8.39,8.39,8.39,8.39,8.39,8.39,8.39
MAN_wt,PPCK,0.0,0.0,0.0,0.0,0.0,0.0,0.0,0.0,0.0,0.0,0.0,0.0,0.0,0.0,0.0,0.0
MAN_wt,ACt2r,0.0,-0.0,-0.0,-0.0,-0.0,-1.1666169770329207,-3.4226774443159904,-5.67873533685979,-7.666687339690402,-9.246855341028786,-10.827023343947703,-12.407191346076369,-14.173572519683143,-16.379749424894896,-18.585926338113197,-20.67759406442966
MAN_wt,PPS,0.0,0.0,0.0,0.0,0.0,0.0,0.0,0.0,0.0,0.0,0.0,0.0,0.0,0.0,0.0,0.0
MAN_wt,ADK1,0.0,0.0,0.0,0.0,0.0,0.0,0.0,0.0,0.0,0.0,0.0,0.0,0.0,0.0,0.0,0.0
MAN_wt,AKGDH,0.0,1.327581322795442,2.0044592848359044,2.5819421679638928,3.159422495777364,2.868508953811777,1.7666459237412149,0.6647848102304201,-0.0,-0.0,-0.0,-0.0,-0.0,-0.0,-0.0,-0.0
MAN_wt,ATPS4r,0.0,8.127017069033258,11.357192446811906,14.750213289291365,18.143245619040222,19.613388018806692,19.287847944751384,18.962312114526906,18.01098807615213,16.1078519912081,14.204715898370043,12.30157980947893,9.940511746378707,6.497906189722561,3.055300603978136,0.028713670424974705
MAN_wt,PTAr,0.0,0.0,0.0,0.0,0.0,1.1666169770329207,3.4226774443159904,5.67873533685979,7.666687339690402,9.246855341028786,10.827023343947703,12.407191346076369,14.173572519683143,16.379749424894896,18.585926338113197,20.67759406442966
MAN_wt,PYK,0.0,0.6664562682208665,0.9926915758885255,1.2144398979419226,1.4361865679923889,1.7682530122220983,2.203340638476026,2.6384280212546023,3.2017095059644505,3.9599717996781325,4.71823409430188,5.4764963884706015,6.408859170464425,7.752410113488987,9.095961062667882,10.351493187999905
MAN_wt,BIOMASS_Ecoli_core_w_GAM,0.0,0.04424243689867802,0.12902047014199636,0.21313372021385593,0.2972470882192082,0.3568283936780991,0.39350052489311593,0.4301727102505896,0.46152126983145747,0.48477269516931215,0.5080241204196326,0.5312755457137195,0.5529455774895597,0.5708806956843255,0.5888158136372718,0.6102094292800108
MAN_wt,PYRt2,0.0,-0.0,-0.0,-0.0,-0.0,-0.0,-0.0,-0.0,-0.0,-0.0,-0.0,-0.0,-0.0,-0.0,-0.0,-0.0
MAN_wt,CO2t,0.0,-4.117240976558308,-6.509469382872271,-8.92997955696611,-11.350501537287485,-12.481755338765813,-12.409033524279034,-12.336314555211452,-11.462545778835072,-9.37039536960582,-7.2782449531941165,-5.18609454037358,-3.2795044992247755,-1.8111684262614691,-0.34283234073646374,0.9458474133203059
MAN_wt,RPE,0.0,-0.031801463642769756,-0.02349371451614067,0.20428945264191456,0.432074060834034,0.8267472063016086,1.3772696314163753,1.9277916882042812,2.306021792797533,2.4221990895931462,2.5383763859513895,2.654553682528314,2.44751096058409,1.4770915994358744,0.5066722297989803,-0.34234268845027893
MAN_wt,CS,0.0,1.3753144879654258,2.1436594700721043,2.811892138702622,3.4801223792570672,3.253491107751078,2.1911936400483976,1.1288981473197812,0.49793529802115943,0.5230212608181709,0.5481072235207416,0.573193186270532,0.596572983553486,0.6159231825738188,0.6352733813332525,0.6583549532502035
MAN_wt,RPI,0.0,-0.031801463642769756,-0.12736301364903016,-0.33194550345553675,-0.5365288409349673,-0.7981059772145307,-1.1129070816479452,-1.4277080602943264,-1.6506231295310438,-1.7337814647281258,-1.8169397996121426,-1.900098134652689,-1.8199414019412885,-1.3540693658047767,-0.8881973251631967,-0.48675646242456816
MAN_wt,SUCCt2_2,0.0,0.0,0.0,0.0,0.0,0.0,0.0,0.0,0.0,0.0,0.0,0.0,0.0,0.0,0.0,0.0
MAN_wt,CYTBD,0.0,8.132184590519492,12.72061763468222,17.367159738526887,22.013708357194517,24.13845206566912,23.90821513490019,23.677983769781488,23.421773221037384,23.126048832500103,22.83032443754676,22.534600045801394,22.122963172730195,21.437565786716064,20.752168382977047,20.320270847713633
MAN_wt,D_LACt2,0.0,0.0,0.0,0.0,0.0,0.0,0.0,0.0,0.0,0.0,0.0,0.0,0.0,0.0,0.0,0.0
MAN_wt,ENO,0.0,1.816203644391822,3.4293871611781412,4.935833600749762,6.442278787487942,7.976010076304359,9.535221865081754,11.094433593639772,12.763820547962984,14.600781941017702,16.43774333468621,18.274704728047826,20.280414066593327,22.684670004171725,25.088925947085954,27.416869043283953
MAN_wt,SUCCt3,0.0,0.0,0.0,0.0,0.0,0.0,0.0,0.0,0.0,0.0,0.0,0.0,0.0,0.0,0.0,0.0
MAN_wt,ETOHt2r,0.0,0.0,0.0,0.0,0.0,0.0,0.0,0.0,0.0,0.0,0.0,0.0,0.0,0.0,0.0,0.0
MAN_wt,SUCDi,0.0,1.327581322795442,2.0044592848359044,2.5819421679638928,3.159422495777364,2.868508953811777,1.7666459237412149,0.6647848102304201,0.0,0.0,0.0,0.0,0.0,0.0,0.0,0.0
MAN_wt,SUCOAS,0.0,-1.327581322795442,-2.0044592848359044,-2.5819421679638928,-3.159422495777364,-2.868508953811777,-1.7666459237412149,-0.6647848102304201,0.0,0.0,0.0,0.0,0.0,0.0,0.0,0.0
MAN_wt,TALA,0.0,-0.007914971961173498,0.011541337602560021,0.14061536281955828,0.2696901298405841,0.4777811282097011,0.7596616604513949,1.041542018302372,1.2363154856033445,1.2986010162746342,1.3608865467114384,1.423172077265483,1.3235621570289107,0.8415897652889577,0.3596173692610178,-0.061028542240097544
MAN_wt,THD2,0.0,0.0,0.0,0.0,0.0,0.0,0.0,0.0,0.0,0.0,0.0,0.0,0.9459554411429825,4.126055565791712,7.306155712281671,10.173884347429414
MAN_wt,TKT1,0.0,-0.007914971961173498,0.011541337602560021,0.14061536281955828,0.2696901298405841,0.4777811282097011,0.7596616604513949,1.041542018302372,1.2363154856033445,1.2986010162746342,1.3608865467114384,1.423172077265483,1.3235621570289107,0.8415897652889577,0.3596173692610178,-0.061028542240097544
MAN_wt,TKT2,0.0,-0.02388649168159626,-0.035035052118700664,0.06367408982235628,0.16238393099344994,0.34896607809190733,0.6176079709649801,0.8862496699019092,1.0697063071941884,1.1235980733185125,1.177489839239951,1.2313816052628304,1.1239488035551795,0.6355018341469164,0.14705486053796268,-0.2813141462101814
MAN_wt,TPI,0.0,0.955992048016885,1.8370402386387932,2.6092509031374607,3.381460687425353,4.103445068969681,4.778526123534045,5.453607288947535,6.222043152122457,7.132469748674661,8.042896345564081,8.953322942284895,10.027500913229343,11.488424650255917,12.94934839185428,14.344886756037077
MAN_wt,EX_ac_e,0.0,0.0,0.0,0.0,0.0,1.1666169770329207,3.4226774443159904,5.67873533685979,7.666687339690402,9.246855341028786,10.827023343947703,12.407191346076369,14.173572519683143,16.379749424894896,18.585926338113197,20.67759406442966
MAN_wt,EX_acald_e,0.0,0.0,0.0,0.0,0.0,0.0,0.0,0.0,0.0,0.0,0.0,0.0,0.0,0.0,0.0,0.0
MAN_wt,EX_akg_e,0.0,0.0,0.0,0.0,0.0,0.0,0.0,0.0,0.0,0.0,0.0,0.0,0.0,0.0,0.0,0.0
MAN_wt,EX_co2_e,0.0,4.117240976558308,6.509469382872271,8.92997955696611,11.350501537287485,12.481755338765813,12.409033524279034,12.336314555211452,11.462545778835072,9.37039536960582,7.2782449531941165,5.18609454037358,3.2795044992247755,1.8111684262614691,0.34283234073646374,-0.9458474133203059
MAN_wt,EX_etoh_e,0.0,0.0,0.0,0.0,0.0,0.0,0.0,0.0,0.0,0.0,0.0,0.0,0.0,0.0,0.0,0.0
MAN_wt,EX_for_e,0.0,0.0,0.0,8.412473141650167e-06,0.0,0.0,0.0,0.0,1.563811143471538,5.506149519058946,9.4484879023928,13.390826281853498,16.842474938552,19.13521927875443,21.427963625796217,23.62289191673549
MAN_wt,EX_fru_e,0.0,0.0,0.0,0.0,0.0,0.0,0.0,0.0,0.0,0.0,0.0,0.0,0.0,0.0,0.0,0.0
MAN_wt,EX_fum_e,0.0,0.0,0.0,0.0,0.0,0.0,0.0,0.0,0.0,0.0,0.0,0.0,0.0,0.0,0.0,0.0
MAN_wt,EX_glc__D_e,0.0,0.0,0.0,0.0,0.0,0.0,0.0,0.0,0.0,0.0,0.0,0.0,0.0,0.0,0.0,0.0
MAN_wt,EX_gln__L_e,0.0,0.0,0.0,0.0,0.0,0.0,0.0,0.0,0.0,0.0,0.0,0.0,0.0,0.0,0.0,0.0
MAN_wt,EX_glu__L_e,0.0,0.0,0.0,0.0,0.0,0.0,0.0,0.0,0.0,0.0,0.0,0.0,0.0,0.0,0.0,0.0
MAN_wt,EX_h_e,0.0,4.273792217757788,12.463298133579785,20.588594816016425,28.713886065809703,35.63602053789419,41.434586345791004,47.233154809076574,53.81316954742951,61.58174932416094,69.35032910176356,77.11890887893061,84.43025046270574,90.66169310473511,96.89313573825058,103.24634188037476
MAN_wt,EX_h2o_e,0.0,4.439520583903038,7.449306095574629,10.482530828491926,13.51576822671149,15.081036089674555,15.275448747810428,15.469864645760842,14.824451316795333,12.90167359029715,10.978895855978887,9.056118125570588,7.307381263889701,5.969691765904374,4.632002253595779,3.499162153326971
MAN_wt,EX_lac__D_e,0.0,0.0,0.0,0.0,0.0,0.0,0.0,0.0,0.0,0.0,0.0,0.0,0.0,0.0,0.0,0.0
MAN_wt,EX_mal__L_e,0.0,0.0,0.0,0.0,0.0,0.0,0.0,0.0,0.0,0.0,0.0,0.0,0.0,0.0,0.0,0.0
MAN_wt,EX_nh4_e,0.0,-0.24124515992111148,-0.7035228195902777,-1.1621755495821136,-1.6208289226416983,-1.9457138650479386,-2.1456796621371828,-2.345645754454415,-2.5165831801369714,-2.643368552219225,-2.770153923824173,-2.8969392956677695,-3.015101644935071,-3.1128982574274904,-3.2106948686013155,-3.3273499759780427
MAN_wt,EX_o2_e,0.0,-4.066092295259746,-6.36030881734111,-8.683579869263443,-11.006854178597258,-12.06922603283456,-11.954107567450095,-11.838991884890744,-11.710886610518692,-11.563024416250052,-11.41516221877338,-11.267300022900697,-11.061481586365097,-10.718782893358032,-10.376084191488523,-10.160135423856817
MAN_wt,EX_pi_e,0.0,-0.16275465261916722,-0.47462760351136213,-0.7840550165507132,-1.093482863432003,-1.312665263140437,-1.447570380924305,-1.582476349198837,-1.6977982953289774,-1.7833333137193468,-1.8688683317877004,-1.9544033500170566,-2.034120895910835,-2.100098815213936,-2.166076733627403,-2.2447774274923855
MAN_wt,EX_pyr_e,0.0,0.0,0.0,0.0,0.0,0.0,0.0,0.0,0.0,0.0,0.0,0.0,0.0,0.0,0.0,0.0
MAN_wt,EX_succ_e,0.0,0.0,0.0,0.0,0.0,0.0,0.0,0.0,0.0,0.0,0.0,0.0,0.0,0.0,0.0,0.0
MAN_wt,FBA,0.0,0.955992048016885,1.8370402386387932,2.6092509031374607,3.381460687425353,4.103445068969681,4.778526123534045,5.453607288947535,6.222043152122457,7.132469748674661,8.042896345564081,8.953322942284895,10.027500913229343,11.488424650255917,12.94934839185428,14.344886756037077
MAN_wt,FBP,0.0,0.0,0.0,0.0,0.0,0.0,0.0,0.0,0.0,0.0,0.0,0.0,0.0,0.0,0.0,0.0
MAN_wt,FORt2,0.0,0.0,0.0,0.0,0.0,0.0,0.0,0.0,0.0,0.0,0.0,0.0,0.0,0.0,0.0,0.0
MAN_wt,FORt,0.0,-0.0,-0.0,-8.412473141650167e-06,-0.0,-0.0,-0.0,-0.0,-1.563811143471538,-5.506149519058946,-9.4484879023928,-13.390826281853498,-16.842474938552,-19.13521927875443,-21.427963625796217,-23.62289191673549
MAN_wt,FRD7,0.0,0.0,0.0,0.0,0.0,0.0,0.0,0.0,0.0,0.0,0.0,0.0,0.0,0.0,0.0,0.0
MAN_wt,FRUpts2,0.0,0.0,0.0,0.0,0.0,0.0,0.0,0.0,0.0,0.0,0.0,0.0,0.0,0.0,0.0,0.0
MAN_wt,FUM,0.0,1.327581322795442,2.0044592848359044,2.5819421679638928,3.159422495777364,2.868508953811777,1.7666459237412149,0.6647848102304201,0.0,0.0,0.0,0.0,0.0,0.0,0.0,0.0
MAN_wt,FUMt2_2,0.0,-0.0,-0.0,-0.0,-0.0,-0.0,-0.0,-0.0,-0.0,-0.0,-0.0,-0.0,-0.0,-0.0,-0.0,-0.0
MAN_wt,G6PDH2r,0.0,0.0,0.10386929913288949,0.5362349560974513,0.9686029017690013,1.6248531835161393,2.4901767130643204,3.3554997484986075,3.9566449223285765,4.155980554321272,4.355316185563532,4.554651817181003,4.267452362525378,2.831160965240651,1.394869554962177,0.1444137739742892
MAN_wt,GAPD,0.0,1.8823903299922442,3.6224017845105676,5.25468164618969,6.886960431463878,8.509825353246795,10.123898650321856,11.737971968174655,13.454256367630844,15.326001892990993,17.19774741883398,19.069492944435552,21.10762065051771,23.538707524915473,25.969794404287313,28.32974234948685
MAN_wt,GLCpts,0.0,0.0,0.0,0.0,0.0,0.0,0.0,0.0,0.0,0.0,0.0,0.0,0.0,0.0,0.0,0.0
MAN_wt,GLNS,0.0,0.011312791114991968,0.03299053421530847,0.05449829225868296,0.07600608045765153,0.09124102026348993,0.10061808421516974,0.10999516201107576,0.11801098869590367,0.12395637815479311,0.12990176759130007,0.13584715703899805,0.14138818416408042,0.14597419388648203,0.15056020354705038,0.15603055106689875
MAN_wt,GLNabc,0.0,0.0,0.0,0.0,0.0,0.0,0.0,0.0,0.0,0.0,0.0,0.0,0.0,0.0,0.0,0.0
MAN_wt,GLUDy,0.0,-0.2299323688061195,-0.6705322853749692,-1.1076772573234306,-1.5448228421840469,-1.8544728447844487,-2.045061577922013,-2.2356505924433394,-2.3985721914410676,-2.519412174064432,-2.6402521562328727,-2.7610921386287717,-2.8737134607709907,-2.966924063541008,-3.060134665054265,-3.171319424911144
MAN_wt,GLUN,0.0,0.0,0.0,0.0,0.0,0.0,0.0,0.0,0.0,0.0,0.0,0.0,0.0,0.0,0.0,0.0
MAN_wt,GLUSy,0.0,0.0,0.0,0.0,0.0,0.0,0.0,0.0,0.0,0.0,0.0,0.0,0.0,0.0,0.0,0.0
MAN_wt,GLUt2r,0.0,0.0,0.0,0.0,0.0,0.0,0.0,0.0,0.0,0.0,0.0,0.0,0.0,0.0,0.0,0.0
MAN_wt,GND,0.0,0.0,0.10386929913288949,0.5362349560974513,0.9686029017690013,1.6248531835161393,2.4901767130643204,3.3554997484986075,3.9566449223285765,4.155980554321272,4.355316185563532,4.554651817181003,4.267452362525378,2.831160965240651,1.394869554962177,0.1444137739742892
MAN_wt,H2Ot,0.0,-4.439520583903038,-7.449306095574629,-10.482530828491926,-13.51576822671149,-15.081036089674555,-15.275448747810428,-15.469864645760842,-14.824451316795333,-12.90167359029715,-10.978895855978887,-9.056118125570588,-7.307381263889701,-5.969691765904374,-4.632002253595779,-3.499162153326971
MAN_wt,ICDHyr,0.0,1.3753144879654258,2.1436594700721043,2.811892138702622,3.4801223792570672,3.253491107751078,2.1911936400483976,1.1288981473197812,0.49793529802115943,0.5230212608181709,0.5481072235207416,0.573193186270532,0.596572983553486,0.6159231825738188,0.6352733813332525,0.6583549532502035
MAN_wt,ICL,0.0,0.0,0.0,0.0,0.0,0.0,0.0,0.0,0.0,0.0,0.0,0.0,0.0,0.0,0.0,0.0
MAN_wt,LDH_D,0.0,-0.0,-0.0,-0.0,-0.0,-0.0,-0.0,-0.0,-0.0,-0.0,-0.0,-0.0,-0.0,-0.0,-0.0,-0.0
MAN_wt,MALS,0.0,0.0,0.0,0.0,0.0,0.0,0.0,0.0,0.0,0.0,0.0,0.0,0.0,0.0,0.0,0.0
MAN_wt,MALt2_2,0.0,-0.0,-0.0,-0.0,-0.0,-0.0,-0.0,-0.0,-0.0,-0.0,-0.0,-0.0,-0.0,-0.0,-0.0,-0.0
MAN_wt,MDH,0.0,1.327581322795442,2.0044592848359044,2.5819421679638928,3.159422495777364,2.868508953811777,1.7666459237412149,0.6647848102304201,0.0,0.0,0.0,0.0,0.0,0.0,0.0,0.0
MAN_wt,ME1,0.0,0.0,0.0,0.0,0.0,0.0,0.0,0.0,0.0,0.0,0.0,0.0,0.0,0.0,0.0,0.0
MAN_wt,ME2,0.0,0.0,0.0,0.0,0.0,0.0,0.0,0.0,0.0,0.0,0.0,0.0,0.0,0.0,0.0,0.0
MAN_wt,NADH16,0.0,6.804603267724049,10.716158349846316,14.785217570562994,18.854285861417154,21.269943111857344,22.141569211158973,23.01319895955107,23.421773221037384,23.126048832500103,22.83032443754676,22.534600045801394,22.122963172730195,21.437565786716064,20.752168382977047,20.320270847713633
MAN_wt,NADTRHD,0.0,0.5689960754870189,0.0,0.0,0.0,0.0,0.0,0.0,0.0,0.0,0.0,0.0,0.0,0.0,0.0,0.0
MAN_wt,NH4t,0.0,0.0,-1.2221335055073723e-12,-1.0234035840994693e-12,-1.2578826869003024e-12,-2.220446049250313e-16,-1.2860823517257813e-12,0.0,0.0,0.0,0.0,0.0,4.440892098500626e-16,0.0,-7.549516567451064e-15,-1.616484723854228e-13
MAN_wt,O2t,0.0,4.066092295259746,6.36030881734111,8.683579869263443,11.006854178597258,12.06922603283456,11.954107567450095,11.838991884890744,11.710886610518692,11.563024416250052,11.41516221877338,11.267300022900697,11.061481586365097,10.718782893358032,10.376084191488523,10.160135423856817
MAN_wt,PDH,0.0,1.5411262929742913,2.627202388070278,3.61066628284697,4.594145016485015,5.757429538610779,7.088632351558807,8.419834767656733,8.33050090931436,6.080558189743559,3.830615463584344,1.5806727407192795,0.0,0.0,0.0,0.0
MAN_wt,GLCt2pp,0.0,0.0,0.0,0.0,0.0,0.0,0.0,0.0,0.0,0.0,0.0,0.0,0.0,0.0,0.0,0.0
MAN_wt,GLK,0.0,0.0,0.0,0.0,0.0,0.0,0.0,0.0,0.0,0.0,0.0,0.0,0.0,0.0,0.0,0.0
MAN_wt,EX_man__D_e,0.0,-1.0,-2.0,-3.0,-4.0,-5.0,-6.0,-7.0,-8.0,-9.0,-10.0,-11.0,-12.0,-13.0,-14.0,-15.0
MAN_wt,MANpts,0.0,1.0,2.0,3.0,4.0,5.0,6.0,7.0,8.0,9.0,10.0,11.0,12.0,13.0,14.0,15.0
MAN_wt,MAN6PI,0.0,1.0,2.0,3.0,4.0,5.0,6.0,7.0,8.0,9.0,10.0,11.0,12.0,13.0,14.0,15.0
MAN_wt,EX_glyc_e,0.0,0.0,0.0,0.0,0.0,0.0,0.0,0.0,0.0,0.0,0.0,0.0,0.0,0.0,0.0,0.0
MAN_wt,GLYCt,0.0,0.0,0.0,0.0,0.0,0.0,0.0,0.0,0.0,0.0,0.0,0.0,0.0,0.0,0.0,0.0
MAN_wt,GLYK,0.0,0.0,0.0,0.0,0.0,0.0,0.0,0.0,0.0,0.0,0.0,0.0,0.0,0.0,0.0,0.0
MAN_wt,GLY3PD,0.0,0.0,0.0,0.0,0.0,0.0,0.0,0.0,0.0,0.0,0.0,0.0,0.0,0.0,0.0,0.0
MAN_wt,EX_glcn_e,0.0,0.0,0.0,0.0,0.0,0.0,0.0,0.0,0.0,0.0,0.0,0.0,0.0,0.0,0.0,0.0
MAN_wt,GLCNt2r,0.0,0.0,0.0,0.0,0.0,0.0,0.0,0.0,0.0,0.0,0.0,0.0,0.0,0.0,0.0,0.0
MAN_wt,GLCNK,0.0,0.0,0.0,0.0,0.0,0.0,0.0,0.0,0.0,0.0,0.0,0.0,0.0,0.0,0.0,0.0
MAN_wt,biomass_ce,0.0,0.04424243689867802,0.12902047014199636,0.21313372021385593,0.2972470882192082,0.3568283936780991,0.39350052489311593,0.4301727102505896,0.46152126983145747,0.48477269516931215,0.5080241204196326,0.5312755457137195,0.5529455774895597,0.5708806956843255,0.5888158136372718,0.6102094292800108
MAN_wt,biomass_EX,0.0,0.04424243689867802,0.12902047014199636,0.21313372021385593,0.2972470882192082,0.3568283936780991,0.39350052489311593,0.4301727102505896,0.46152126983145747,0.48477269516931215,0.5080241204196326,0.5312755457137195,0.5529455774895597,0.5708806956843255,0.5888158136372718,0.6102094292800108
MAN_wt,charge_ce,0.0,4.3328653606972685,12.635568135168347,20.873165635655894,29.110774685912865,34.945846003507135,38.53731650519735,42.12879230930739,45.19890095243583,47.47601999232851,49.75313902364854,52.03025805925481,54.15250395320902,55.908972579566154,57.66544118224054,59.7606163727665
MAN_wt,EX_charge,0.0,0.0,0.0,0.0,0.0,0.0,0.0,0.0,0.0,0.0,0.0,0.0,0.0,0.0,0.0,0.0
MAN_wt,AKGt2r0,0.0,0.0,0.0,0.0,0.0,0.0,0.0,0.0,0.0,0.0,0.0,0.0,0.0,0.0,0.0,0.0
MAN_wt,PIt2r0,0.0,0.0,0.0,0.0,0.0,0.0,0.0,0.0,0.0,0.0,0.0,0.0,0.0,0.0,0.0,0.0
MAN_wt,SUCCt30,0.0,0.0,0.0,0.0,0.0,0.0,0.0,0.0,0.0,0.0,0.0,0.0,0.0,0.0,0.0,0.0
MAN_wt,SUCCt3+1,0.0,0.0,0.0,0.0,0.0,0.0,0.0,0.0,0.0,0.0,0.0,0.0,0.0,0.0,0.0,0.0
MAN_wt,SUCCt3+2,0.0,0.0,0.0,0.0,0.0,0.0,0.0,0.0,0.0,0.0,0.0,0.0,0.0,0.0,0.0,0.0
MAN_wt,ETOHt2r0,0.0,0.0,0.0,0.0,0.0,0.0,0.0,0.0,0.0,0.0,0.0,0.0,0.0,0.0,0.0,0.0
MAN_wt,NH4t0,0.0,0.24124515992111148,0.7035228195914999,1.162175549583137,1.6208289226429562,1.9457138650479389,2.145679662138469,2.345645754454415,2.5165831801369714,2.643368552219225,2.770153923824173,2.8969392956677695,3.0151016449350707,3.1128982574274904,3.210694868601323,3.3273499759782044
MAN_wt,GLCt2pp0,0.0,0.0,0.0,0.0,0.0,0.0,0.0,0.0,0.0,0.0,0.0,0.0,0.0,0.0,0.0,0.0
MAN_wt,GLCNt2r0,0.0,0.0,0.0,0.0,0.0,0.0,0.0,0.0,0.0,0.0,0.0,0.0,0.0,0.0,0.0,0.0
MAN_wt,GLCNt2r+1,0.0,0.0,0.0,0.0,0.0,0.0,0.0,0.0,0.0,0.0,0.0,0.0,0.0,0.0,0.0,0.0
MAN_dptsG,PFK,0.0,0.955992048016885,1.8370402386387932,2.6092509031374607,3.381460687425353,4.103445068969681,4.778526123534045,5.453607288947535,6.222043152122457,7.132469748674661,8.042896345564081,8.953322942284895,10.027500913229343,11.488424650255917,12.94934839185428,14.344886756037077
MAN_dptsG,PFL,0.0,0.0,0.0,8.412473141650167e-06,0.0,0.0,0.0,0.0,1.563811143471538,5.506149519058946,9.4484879023928,13.390826281853498,16.842474938552,19.13521927875443,21.427963625796217,23.62289191673549
MAN_dptsG,PGI,0.0,-0.009069699564228992,-0.13031849551199876,-0.5799273687412918,-1.029538554853939,-1.6980030042201495,-2.570844320667409,-3.4436851540999784,-4.0512567826440256,-4.255358956830981,-4.459461130249556,-4.663563304052315,-4.380806205910738,-2.9481915078559378,-1.5155767967578178,-0.26950670697669143
MAN_dptsG,PGK,0.0,-1.8823903299922442,-3.6224017845105676,-5.25468164618969,-6.886960431463878,-8.509825353246795,-10.123898650321856,-11.737971968174655,-13.454256367630844,-15.326001892990993,-17.19774741883398,-19.069492944435552,-21.10762065051771,-23.538707524915473,-25.969794404287313,-28.32974234948685
MAN_dptsG,PGL,0.0,0.0,0.10386929913288949,0.5362349560974513,0.9686029017690013,1.6248531835161393,2.4901767130643204,3.3554997484986075,3.9566449223285765,4.155980554321272,4.355316185563532,4.554651817181003,4.267452362525378,2.831160965240651,1.394869554962177,0.1444137739742892
MAN_dptsG,ACALD,0.0,0.0,0.0,0.0,0.0,0.0,0.0,0.0,0.0,0.0,0.0,0.0,0.0,0.0,0.0,0.0
MAN_dptsG,AKGt2r,0.0,0.0,0.0,0.0,0.0,0.0,0.0,0.0,0.0,0.0,0.0,0.0,0.0,0.0,0.0,0.0
MAN_dptsG,PGM,0.0,-1.816203644391822,-3.4293871611781412,-4.935833600749762,-6.442278787487942,-7.976010076304359,-9.535221865081754,-11.094433593639772,-12.763820547962984,-14.600781941017702,-16.43774333468621,-18.274704728047826,-20.280414066593327,-22.684670004171725,-25.088925947085954,-27.416869043283953
MAN_dptsG,PIt2r,0.0,0.16275465261916722,0.47462760351136213,0.7840550165507132,1.093482863432003,1.312664611823622,1.447570380924305,1.582476349198837,1.6977982953289774,1.7833333137193468,1.8688683317877004,1.9544033500170566,2.034120895910835,2.100098815213936,2.166076733627403,2.2447774274923855
MAN_dptsG,ALCD2x,0.0,-0.0,-0.0,-0.0,-0.0,-0.0,-0.0,-0.0,-0.0,-0.0,-0.0,-0.0,-0.0,-0.0,-0.0,-0.0
MAN_dptsG,ACALDt,0.0,-0.0,-0.0,-0.0,-0.0,-0.0,-0.0,-0.0,-0.0,-0.0,-0.0,-0.0,-0.0,-0.0,-0.0,-0.0
MAN_dptsG,ACKr,0.0,-0.0,-0.0,-0.0,-0.0,-1.1666169770329207,-3.4226774443159904,-5.67873533685979,-7.666687339690402,-9.246855341028786,-10.827023343947703,-12.407191346076369,-14.173572519683143,-16.379749424894896,-18.585926338113197,-20.67759406442966
MAN_dptsG,PPC,0.0,0.12678112717685153,0.3697210592389051,0.6107559886448255,0.8517912560009631,1.0225274449239607,1.1276151041337128,1.2327029184940894,1.3225353508290243,1.3891646352771807,1.455793919474499,1.5224232037972345,1.5845208468540823,1.6359157215530031,1.6873105955589658,1.7486161405447986
MAN_dptsG,ACONTa,0.0,1.3753144879654258,2.1436594700721043,2.811892138702622,3.4801223792570672,3.253491107751078,2.1911936400483976,1.1288981473197812,0.49793529802115943,0.5230212608181709,0.5481072235207416,0.573193186270532,0.596572983553486,0.6159231825738188,0.6352733813332525,0.6583549532502035
MAN_dptsG,ACONTb,0.0,1.3753144879654258,2.1436594700721043,2.811892138702622,3.4801223792570672,3.253491107751078,2.1911936400483976,1.1288981473197812,0.49793529802115943,0.5230212608181709,0.5481072235207416,0.573193186270532,0.596572983553486,0.6159231825738188,0.6352733813332525,0.6583549532502035
MAN_dptsG,ATPM,0.0,8.39,8.39,8.39,8.39,8.39,8.39,8.39,8.39,8.39,8.39,8.39,8.39,8.39,8.39,8.39
MAN_dptsG,PPCK,0.0,0.0,0.0,0.0,0.0,0.0,0.0,0.0,0.0,0.0,0.0,0.0,0.0,0.0,0.0,0.0
MAN_dptsG,ACt2r,0.0,-0.0,-0.0,-0.0,-0.0,-1.1666169770329207,-3.4226774443159904,-5.67873533685979,-7.666687339690402,-9.246855341028786,-10.827023343947703,-12.407191346076369,-14.173572519683143,-16.379749424894896,-18.585926338113197,-20.67759406442966
MAN_dptsG,PPS,0.0,0.0,0.0,0.0,0.0,0.0,0.0,0.0,0.0,0.0,0.0,0.0,0.0,0.0,0.0,0.0
MAN_dptsG,ADK1,0.0,0.0,0.0,0.0,0.0,0.0,0.0,0.0,0.0,0.0,0.0,0.0,0.0,0.0,0.0,0.0
MAN_dptsG,AKGDH,0.0,1.327581322795442,2.0044592848359044,2.5819421679638928,3.159422495777364,2.868508953811777,1.7666459237412149,0.6647848102304201,-0.0,-0.0,-0.0,-0.0,-0.0,-0.0,-0.0,-0.0
MAN_dptsG,ATPS4r,0.0,8.127017069033258,11.357192446811906,14.750213289291365,18.143245619040222,19.613388018806692,19.287847944751384,18.962312114526906,18.01098807615213,16.1078519912081,14.204715898370043,12.30157980947893,9.940511746378707,6.497906189722561,3.055300603978136,0.028713670424974705
MAN_dptsG,PTAr,0.0,0.0,0.0,0.0,0.0,1.1666169770329207,3.4226774443159904,5.67873533685979,7.666687339690402,9.246855341028786,10.827023343947703,12.407191346076369,14.173572519683143,16.379749424894896,18.585926338113197,20.67759406442966
MAN_dptsG,PYK,0.0,0.6664562682208665,0.9926915758885255,1.2144398979419226,1.4361865679923889,1.7682530122220983,2.203340638476026,2.6384280212546023,3.2017095059644505,3.9599717996781325,4.71823409430188,5.4764963884706015,6.408859170464425,7.752410113488987,9.095961062667882,10.351493187999905
MAN_dptsG,BIOMASS_Ecoli_core_w_GAM,0.0,0.04424243689867802,0.12902047014199636,0.21313372021385593,0.2972470882192082,0.3568283936780991,0.39350052489311593,0.4301727102505896,0.46152126983145747,0.48477269516931215,0.5080241204196326,0.5312755457137195,0.5529455774895597,0.5708806956843255,0.5888158136372718,0.6102094292800108
MAN_dptsG,PYRt2,0.0,-0.0,-0.0,-0.0,-0.0,-0.0,-0.0,-0.0,-0.0,-0.0,-0.0,-0.0,-0.0,-0.0,-0.0,-0.0
MAN_dptsG,CO2t,0.0,-4.117240976558308,-6.509469382872271,-8.92997955696611,-11.350501537287485,-12.481755338765813,-12.409033524279034,-12.336314555211452,-11.462545778835072,-9.37039536960582,-7.2782449531941165,-5.18609454037358,-3.2795044992247755,-1.8111684262614691,-0.34283234073646374,0.9458474133203059
MAN_dptsG,RPE,0.0,-0.031801463642769756,-0.02349371451614067,0.20428945264191456,0.432074060834034,0.8267472063016086,1.3772696314163753,1.9277916882042812,2.306021792797533,2.4221990895931462,2.5383763859513895,2.654553682528314,2.44751096058409,1.4770915994358744,0.5066722297989803,-0.34234268845027893
MAN_dptsG,CS,0.0,1.3753144879654258,2.1436594700721043,2.811892138702622,3.4801223792570672,3.253491107751078,2.1911936400483976,1.1288981473197812,0.49793529802115943,0.5230212608181709,0.5481072235207416,0.573193186270532,0.596572983553486,0.6159231825738188,0.6352733813332525,0.6583549532502035
MAN_dptsG,RPI,0.0,-0.031801463642769756,-0.12736301364903016,-0.33194550345553675,-0.5365288409349673,-0.7981059772145307,-1.1129070816479452,-1.4277080602943264,-1.6506231295310438,-1.7337814647281258,-1.8169397996121426,-1.900098134652689,-1.8199414019412885,-1.3540693658047767,-0.8881973251631967,-0.48675646242456816
MAN_dptsG,SUCCt2_2,0.0,0.0,0.0,0.0,0.0,0.0,0.0,0.0,0.0,0.0,0.0,0.0,0.0,0.0,0.0,0.0
MAN_dptsG,CYTBD,0.0,8.132184590519492,12.72061763468222,17.367159738526887,22.013708357194517,24.13845206566912,23.90821513490019,23.677983769781488,23.421773221037384,23.126048832500103,22.83032443754676,22.534600045801394,22.122963172730195,21.437565786716064,20.752168382977047,20.320270847713633
MAN_dptsG,D_LACt2,0.0,0.0,0.0,0.0,0.0,0.0,0.0,0.0,0.0,0.0,0.0,0.0,0.0,0.0,0.0,0.0
MAN_dptsG,ENO,0.0,1.816203644391822,3.4293871611781412,4.935833600749762,6.442278787487942,7.976010076304359,9.535221865081754,11.094433593639772,12.763820547962984,14.600781941017702,16.43774333468621,18.274704728047826,20.280414066593327,22.684670004171725,25.088925947085954,27.416869043283953
MAN_dptsG,SUCCt3,0.0,0.0,0.0,0.0,0.0,0.0,0.0,0.0,0.0,0.0,0.0,0.0,0.0,0.0,0.0,0.0
MAN_dptsG,ETOHt2r,0.0,0.0,0.0,0.0,0.0,0.0,0.0,0.0,0.0,0.0,0.0,0.0,0.0,0.0,0.0,0.0
MAN_dptsG,SUCDi,0.0,1.327581322795442,2.0044592848359044,2.5819421679638928,3.159422495777364,2.868508953811777,1.7666459237412149,0.6647848102304201,0.0,0.0,0.0,0.0,0.0,0.0,0.0,0.0
MAN_dptsG,SUCOAS,0.0,-1.327581322795442,-2.0044592848359044,-2.5819421679638928,-3.159422495777364,-2.868508953811777,-1.7666459237412149,-0.6647848102304201,0.0,0.0,0.0,0.0,0.0,0.0,0.0,0.0
MAN_dptsG,TALA,0.0,-0.007914971961173498,0.011541337602560021,0.14061536281955828,0.2696901298405841,0.4777811282097011,0.7596616604513949,1.041542018302372,1.2363154856033445,1.2986010162746342,1.3608865467114384,1.423172077265483,1.3235621570289107,0.8415897652889577,0.3596173692610178,-0.061028542240097544
MAN_dptsG,THD2,0.0,0.0,0.0,0.0,0.0,0.0,0.0,0.0,0.0,0.0,0.0,0.0,0.9459554411429825,4.126055565791712,7.306155712281671,10.173884347429414
MAN_dptsG,TKT1,0.0,-0.007914971961173498,0.011541337602560021,0.14061536281955828,0.2696901298405841,0.4777811282097011,0.7596616604513949,1.041542018302372,1.2363154856033445,1.2986010162746342,1.3608865467114384,1.423172077265483,1.3235621570289107,0.8415897652889577,0.3596173692610178,-0.061028542240097544
MAN_dptsG,TKT2,0.0,-0.02388649168159626,-0.035035052118700664,0.06367408982235628,0.16238393099344994,0.34896607809190733,0.6176079709649801,0.8862496699019092,1.0697063071941884,1.1235980733185125,1.177489839239951,1.2313816052628304,1.1239488035551795,0.6355018341469164,0.14705486053796268,-0.2813141462101814
MAN_dptsG,TPI,0.0,0.955992048016885,1.8370402386387932,2.6092509031374607,3.381460687425353,4.103445068969681,4.778526123534045,5.453607288947535,6.222043152122457,7.132469748674661,8.042896345564081,8.953322942284895,10.027500913229343,11.488424650255917,12.94934839185428,14.344886756037077
MAN_dptsG,EX_ac_e,0.0,0.0,0.0,0.0,0.0,1.1666169770329207,3.4226774443159904,5.67873533685979,7.666687339690402,9.246855341028786,10.827023343947703,12.407191346076369,14.173572519683143,16.379749424894896,18.585926338113197,20.67759406442966
MAN_dptsG,EX_acald_e,0.0,0.0,0.0,0.0,0.0,0.0,0.0,0.0,0.0,0.0,0.0,0.0,0.0,0.0,0.0,0.0
MAN_dptsG,EX_akg_e,0.0,0.0,0.0,0.0,0.0,0.0,0.0,0.0,0.0,0.0,0.0,0.0,0.0,0.0,0.0,0.0
MAN_dptsG,EX_co2_e,0.0,4.117240976558308,6.509469382872271,8.92997955696611,11.350501537287485,12.481755338765813,12.409033524279034,12.336314555211452,11.462545778835072,9.37039536960582,7.2782449531941165,5.18609454037358,3.2795044992247755,1.8111684262614691,0.34283234073646374,-0.9458474133203059
MAN_dptsG,EX_etoh_e,0.0,0.0,0.0,0.0,0.0,0.0,0.0,0.0,0.0,0.0,0.0,0.0,0.0,0.0,0.0,0.0
MAN_dptsG,EX_for_e,0.0,0.0,0.0,8.412473141650167e-06,0.0,0.0,0.0,0.0,1.563811143471538,5.506149519058946,9.4484879023928,13.390826281853498,16.842474938552,19.13521927875443,21.427963625796217,23.62289191673549
MAN_dptsG,EX_fru_e,0.0,0.0,0.0,0.0,0.0,0.0,0.0,0.0,0.0,0.0,0.0,0.0,0.0,0.0,0.0,0.0
MAN_dptsG,EX_fum_e,0.0,0.0,0.0,0.0,0.0,0.0,0.0,0.0,0.0,0.0,0.0,0.0,0.0,0.0,0.0,0.0
MAN_dptsG,EX_glc__D_e,0.0,0.0,0.0,0.0,0.0,0.0,0.0,0.0,0.0,0.0,0.0,0.0,0.0,0.0,0.0,0.0
MAN_dptsG,EX_gln__L_e,0.0,0.0,0.0,0.0,0.0,0.0,0.0,0.0,0.0,0.0,0.0,0.0,0.0,0.0,0.0,0.0
MAN_dptsG,EX_glu__L_e,0.0,0.0,0.0,0.0,0.0,0.0,0.0,0.0,0.0,0.0,0.0,0.0,0.0,0.0,0.0,0.0
MAN_dptsG,EX_h_e,0.0,4.273792217757788,12.463298133579785,20.588594816016425,28.713886065809703,35.63602053789419,41.434586345791004,47.233154809076574,53.81316954742951,61.58174932416094,69.35032910176356,77.11890887893061,84.43025046270574,90.66169310473511,96.89313573825058,103.24634188037476
MAN_dptsG,EX_h2o_e,0.0,4.439520583903038,7.449306095574629,10.482530828491926,13.51576822671149,15.081036089674555,15.275448747810428,15.469864645760842,14.824451316795333,12.90167359029715,10.978895855978887,9.056118125570588,7.307381263889701,5.969691765904374,4.632002253595779,3.499162153326971
MAN_dptsG,EX_lac__D_e,0.0,0.0,0.0,0.0,0.0,0.0,0.0,0.0,0.0,0.0,0.0,0.0,0.0,0.0,0.0,0.0
MAN_dptsG,EX_mal__L_e,0.0,0.0,0.0,0.0,0.0,0.0,0.0,0.0,0.0,0.0,0.0,0.0,0.0,0.0,0.0,0.0
MAN_dptsG,EX_nh4_e,0.0,-0.24124515992111148,-0.7035228195902777,-1.1621755495821136,-1.6208289226416983,-1.9457138650479386,-2.1456796621371828,-2.345645754454415,-2.5165831801369714,-2.643368552219225,-2.770153923824173,-2.8969392956677695,-3.015101644935071,-3.1128982574274904,-3.2106948686013155,-3.3273499759780427
MAN_dptsG,EX_o2_e,0.0,-4.066092295259746,-6.36030881734111,-8.683579869263443,-11.006854178597258,-12.06922603283456,-11.954107567450095,-11.838991884890744,-11.710886610518692,-11.563024416250052,-11.41516221877338,-11.267300022900697,-11.061481586365097,-10.718782893358032,-10.376084191488523,-10.160135423856817
MAN_dptsG,EX_pi_e,0.0,-0.16275465261916722,-0.47462760351136213,-0.7840550165507132,-1.093482863432003,-1.312665263140437,-1.447570380924305,-1.582476349198837,-1.6977982953289774,-1.7833333137193468,-1.8688683317877004,-1.9544033500170566,-2.034120895910835,-2.100098815213936,-2.166076733627403,-2.2447774274923855
MAN_dptsG,EX_pyr_e,0.0,0.0,0.0,0.0,0.0,0.0,0.0,0.0,0.0,0.0,0.0,0.0,0.0,0.0,0.0,0.0
MAN_dptsG,EX_succ_e,0.0,0.0,0.0,0.0,0.0,0.0,0.0,0.0,0.0,0.0,0.0,0.0,0.0,0.0,0.0,0.0
MAN_dptsG,FBA,0.0,0.955992048016885,1.8370402386387932,2.6092509031374607,3.381460687425353,4.103445068969681,4.778526123534045,5.453607288947535,6.222043152122457,7.132469748674661,8.042896345564081,8.953322942284895,10.027500913229343,11.488424650255917,12.94934839185428,14.344886756037077
MAN_dptsG,FBP,0.0,0.0,0.0,0.0,0.0,0.0,0.0,0.0,0.0,0.0,0.0,0.0,0.0,0.0,0.0,0.0
MAN_dptsG,FORt2,0.0,0.0,0.0,0.0,0.0,0.0,0.0,0.0,0.0,0.0,0.0,0.0,0.0,0.0,0.0,0.0
MAN_dptsG,FORt,0.0,-0.0,-0.0,-8.412473141650167e-06,-0.0,-0.0,-0.0,-0.0,-1.563811143471538,-5.506149519058946,-9.4484879023928,-13.390826281853498,-16.842474938552,-19.13521927875443,-21.427963625796217,-23.62289191673549
MAN_dptsG,FRD7,0.0,0.0,0.0,0.0,0.0,0.0,0.0,0.0,0.0,0.0,0.0,0.0,0.0,0.0,0.0,0.0
MAN_dptsG,FRUpts2,0.0,0.0,0.0,0.0,0.0,0.0,0.0,0.0,0.0,0.0,0.0,0.0,0.0,0.0,0.0,0.0
MAN_dptsG,FUM,0.0,1.327581322795442,2.0044592848359044,2.5819421679638928,3.159422495777364,2.868508953811777,1.7666459237412149,0.6647848102304201,0.0,0.0,0.0,0.0,0.0,0.0,0.0,0.0
MAN_dptsG,FUMt2_2,0.0,-0.0,-0.0,-0.0,-0.0,-0.0,-0.0,-0.0,-0.0,-0.0,-0.0,-0.0,-0.0,-0.0,-0.0,-0.0
MAN_dptsG,G6PDH2r,0.0,0.0,0.10386929913288949,0.5362349560974513,0.9686029017690013,1.6248531835161393,2.4901767130643204,3.3554997484986075,3.9566449223285765,4.155980554321272,4.355316185563532,4.554651817181003,4.267452362525378,2.831160965240651,1.394869554962177,0.1444137739742892
MAN_dptsG,GAPD,0.0,1.8823903299922442,3.6224017845105676,5.25468164618969,6.886960431463878,8.509825353246795,10.123898650321856,11.737971968174655,13.454256367630844,15.326001892990993,17.19774741883398,19.069492944435552,21.10762065051771,23.538707524915473,25.969794404287313,28.32974234948685
MAN_dptsG,GLCpts,0.0,0.0,0.0,0.0,0.0,0.0,0.0,0.0,0.0,0.0,0.0,0.0,0.0,0.0,0.0,0.0
MAN_dptsG,GLNS,0.0,0.011312791114991968,0.03299053421530847,0.05449829225868296,0.07600608045765153,0.09124102026348993,0.10061808421516974,0.10999516201107576,0.11801098869590367,0.12395637815479311,0.12990176759130007,0.13584715703899805,0.14138818416408042,0.14597419388648203,0.15056020354705038,0.15603055106689875
MAN_dptsG,GLNabc,0.0,0.0,0.0,0.0,0.0,0.0,0.0,0.0,0.0,0.0,0.0,0.0,0.0,0.0,0.0,0.0
MAN_dptsG,GLUDy,0.0,-0.2299323688061195,-0.6705322853749692,-1.1076772573234306,-1.5448228421840469,-1.8544728447844487,-2.045061577922013,-2.2356505924433394,-2.3985721914410676,-2.519412174064432,-2.6402521562328727,-2.7610921386287717,-2.8737134607709907,-2.966924063541008,-3.060134665054265,-3.171319424911144
MAN_dptsG,GLUN,0.0,0.0,0.0,0.0,0.0,0.0,0.0,0.0,0.0,0.0,0.0,0.0,0.0,0.0,0.0,0.0
MAN_dptsG,GLUSy,0.0,0.0,0.0,0.0,0.0,0.0,0.0,0.0,0.0,0.0,0.0,0.0,0.0,0.0,0.0,0.0
MAN_dptsG,GLUt2r,0.0,0.0,0.0,0.0,0.0,0.0,0.0,0.0,0.0,0.0,0.0,0.0,0.0,0.0,0.0,0.0
MAN_dptsG,GND,0.0,0.0,0.10386929913288949,0.5362349560974513,0.9686029017690013,1.6248531835161393,2.4901767130643204,3.3554997484986075,3.9566449223285765,4.155980554321272,4.355316185563532,4.554651817181003,4.267452362525378,2.831160965240651,1.394869554962177,0.1444137739742892
MAN_dptsG,H2Ot,0.0,-4.439520583903038,-7.449306095574629,-10.482530828491926,-13.51576822671149,-15.081036089674555,-15.275448747810428,-15.469864645760842,-14.824451316795333,-12.90167359029715,-10.978895855978887,-9.056118125570588,-7.307381263889701,-5.969691765904374,-4.632002253595779,-3.499162153326971
MAN_dptsG,ICDHyr,0.0,1.3753144879654258,2.1436594700721043,2.811892138702622,3.4801223792570672,3.253491107751078,2.1911936400483976,1.1288981473197812,0.49793529802115943,0.5230212608181709,0.5481072235207416,0.573193186270532,0.596572983553486,0.6159231825738188,0.6352733813332525,0.6583549532502035
MAN_dptsG,ICL,0.0,0.0,0.0,0.0,0.0,0.0,0.0,0.0,0.0,0.0,0.0,0.0,0.0,0.0,0.0,0.0
MAN_dptsG,LDH_D,0.0,-0.0,-0.0,-0.0,-0.0,-0.0,-0.0,-0.0,-0.0,-0.0,-0.0,-0.0,-0.0,-0.0,-0.0,-0.0
MAN_dptsG,MALS,0.0,0.0,0.0,0.0,0.0,0.0,0.0,0.0,0.0,0.0,0.0,0.0,0.0,0.0,0.0,0.0
MAN_dptsG,MALt2_2,0.0,-0.0,-0.0,-0.0,-0.0,-0.0,-0.0,-0.0,-0.0,-0.0,-0.0,-0.0,-0.0,-0.0,-0.0,-0.0
MAN_dptsG,MDH,0.0,1.327581322795442,2.0044592848359044,2.5819421679638928,3.159422495777364,2.868508953811777,1.7666459237412149,0.6647848102304201,0.0,0.0,0.0,0.0,0.0,0.0,0.0,0.0
MAN_dptsG,ME1,0.0,0.0,0.0,0.0,0.0,0.0,0.0,0.0,0.0,0.0,0.0,0.0,0.0,0.0,0.0,0.0
MAN_dptsG,ME2,0.0,0.0,0.0,0.0,0.0,0.0,0.0,0.0,0.0,0.0,0.0,0.0,0.0,0.0,0.0,0.0
MAN_dptsG,NADH16,0.0,6.804603267724049,10.716158349846316,14.785217570562994,18.854285861417154,21.269943111857344,22.141569211158973,23.01319895955107,23.421773221037384,23.126048832500103,22.83032443754676,22.534600045801394,22.122963172730195,21.437565786716064,20.752168382977047,20.320270847713633
MAN_dptsG,NADTRHD,0.0,0.5689960754870189,0.0,0.0,0.0,0.0,0.0,0.0,0.0,0.0,0.0,0.0,0.0,0.0,0.0,0.0
MAN_dptsG,NH4t,0.0,0.0,-1.2221335055073723e-12,-1.0234035840994693e-12,-1.2578826869003024e-12,-2.220446049250313e-16,-1.2860823517257813e-12,0.0,0.0,0.0,0.0,0.0,4.440892098500626e-16,0.0,-7.549516567451064e-15,-1.616484723854228e-13
MAN_dptsG,O2t,0.0,4.066092295259746,6.36030881734111,8.683579869263443,11.006854178597258,12.06922603283456,11.954107567450095,11.838991884890744,11.710886610518692,11.563024416250052,11.41516221877338,11.267300022900697,11.061481586365097,10.718782893358032,10.376084191488523,10.160135423856817
MAN_dptsG,PDH,0.0,1.5411262929742913,2.627202388070278,3.61066628284697,4.594145016485015,5.757429538610779,7.088632351558807,8.419834767656733,8.33050090931436,6.080558189743559,3.830615463584344,1.5806727407192795,0.0,0.0,0.0,0.0
MAN_dptsG,GLCt2pp,0.0,0.0,0.0,0.0,0.0,0.0,0.0,0.0,0.0,0.0,0.0,0.0,0.0,0.0,0.0,0.0
MAN_dptsG,GLK,0.0,0.0,0.0,0.0,0.0,0.0,0.0,0.0,0.0,0.0,0.0,0.0,0.0,0.0,0.0,0.0
MAN_dptsG,EX_man__D_e,0.0,-1.0,-2.0,-3.0,-4.0,-5.0,-6.0,-7.0,-8.0,-9.0,-10.0,-11.0,-12.0,-13.0,-14.0,-15.0
MAN_dptsG,MANpts,0.0,1.0,2.0,3.0,4.0,5.0,6.0,7.0,8.0,9.0,10.0,11.0,12.0,13.0,14.0,15.0
MAN_dptsG,MAN6PI,0.0,1.0,2.0,3.0,4.0,5.0,6.0,7.0,8.0,9.0,10.0,11.0,12.0,13.0,14.0,15.0
MAN_dptsG,EX_glyc_e,0.0,0.0,0.0,0.0,0.0,0.0,0.0,0.0,0.0,0.0,0.0,0.0,0.0,0.0,0.0,0.0
MAN_dptsG,GLYCt,0.0,0.0,0.0,0.0,0.0,0.0,0.0,0.0,0.0,0.0,0.0,0.0,0.0,0.0,0.0,0.0
MAN_dptsG,GLYK,0.0,0.0,0.0,0.0,0.0,0.0,0.0,0.0,0.0,0.0,0.0,0.0,0.0,0.0,0.0,0.0
MAN_dptsG,GLY3PD,0.0,0.0,0.0,0.0,0.0,0.0,0.0,0.0,0.0,0.0,0.0,0.0,0.0,0.0,0.0,0.0
MAN_dptsG,EX_glcn_e,0.0,0.0,0.0,0.0,0.0,0.0,0.0,0.0,0.0,0.0,0.0,0.0,0.0,0.0,0.0,0.0
MAN_dptsG,GLCNt2r,0.0,0.0,0.0,0.0,0.0,0.0,0.0,0.0,0.0,0.0,0.0,0.0,0.0,0.0,0.0,0.0
MAN_dptsG,GLCNK,0.0,0.0,0.0,0.0,0.0,0.0,0.0,0.0,0.0,0.0,0.0,0.0,0.0,0.0,0.0,0.0
MAN_dptsG,biomass_ce,0.0,0.04424243689867802,0.12902047014199636,0.21313372021385593,0.2972470882192082,0.3568283936780991,0.39350052489311593,0.4301727102505896,0.46152126983145747,0.48477269516931215,0.5080241204196326,0.5312755457137195,0.5529455774895597,0.5708806956843255,0.5888158136372718,0.6102094292800108
MAN_dptsG,biomass_EX,0.0,0.04424243689867802,0.12902047014199636,0.21313372021385593,0.2972470882192082,0.3568283936780991,0.39350052489311593,0.4301727102505896,0.46152126983145747,0.48477269516931215,0.5080241204196326,0.5312755457137195,0.5529455774895597,0.5708806956843255,0.5888158136372718,0.6102094292800108
MAN_dptsG,charge_ce,0.0,4.3328653606972685,12.635568135168347,20.873165635655894,29.110774685912865,34.945846003507135,38.53731650519735,42.12879230930739,45.19890095243583,47.47601999232851,49.75313902364854,52.03025805925481,54.15250395320902,55.908972579566154,57.66544118224054,59.7606163727665
MAN_dptsG,EX_charge,0.0,0.0,0.0,0.0,0.0,0.0,0.0,0.0,0.0,0.0,0.0,0.0,0.0,0.0,0.0,0.0
MAN_dptsG,AKGt2r0,0.0,0.0,0.0,0.0,0.0,0.0,0.0,0.0,0.0,0.0,0.0,0.0,0.0,0.0,0.0,0.0
MAN_dptsG,PIt2r0,0.0,0.0,0.0,0.0,0.0,0.0,0.0,0.0,0.0,0.0,0.0,0.0,0.0,0.0,0.0,0.0
MAN_dptsG,SUCCt30,0.0,0.0,0.0,0.0,0.0,0.0,0.0,0.0,0.0,0.0,0.0,0.0,0.0,0.0,0.0,0.0
MAN_dptsG,SUCCt3+1,0.0,0.0,0.0,0.0,0.0,0.0,0.0,0.0,0.0,0.0,0.0,0.0,0.0,0.0,0.0,0.0
MAN_dptsG,SUCCt3+2,0.0,0.0,0.0,0.0,0.0,0.0,0.0,0.0,0.0,0.0,0.0,0.0,0.0,0.0,0.0,0.0
MAN_dptsG,ETOHt2r0,0.0,0.0,0.0,0.0,0.0,0.0,0.0,0.0,0.0,0.0,0.0,0.0,0.0,0.0,0.0,0.0
MAN_dptsG,NH4t0,0.0,0.24124515992111148,0.7035228195914999,1.162175549583137,1.6208289226429562,1.9457138650479389,2.145679662138469,2.345645754454415,2.5165831801369714,2.643368552219225,2.770153923824173,2.8969392956677695,3.0151016449350707,3.1128982574274904,3.210694868601323,3.3273499759782044
MAN_dptsG,GLCt2pp0,0.0,0.0,0.0,0.0,0.0,0.0,0.0,0.0,0.0,0.0,0.0,0.0,0.0,0.0,0.0,0.0
MAN_dptsG,GLCNt2r0,0.0,0.0,0.0,0.0,0.0,0.0,0.0,0.0,0.0,0.0,0.0,0.0,0.0,0.0,0.0,0.0
MAN_dptsG,GLCNt2r+1,0.0,0.0,0.0,0.0,0.0,0.0,0.0,0.0,0.0,0.0,0.0,0.0,0.0,0.0,0.0,0.0
